<?xml version="1.0" encoding="windows-1252" ?>
<!DOCTYPE ViewObject SYSTEM "jbo_03_01.dtd">
<!---->
<ViewObject
  xmlns="http://xmlns.oracle.com/bc4j"
  Name="AllEmployeeImages"
  Version="11.1.1.54.7"
  SelectList="EmployeeImageUsages.ASSOCIATED_ID, 
       EmployeeImageUsages.DEFAULT_IMAGE, 
       EmployeeImageUsages.IMAGE_ID, 
       EmployeeImageUsages.USAGE_TYPE, 
       Images.IMAGE, 
       Images.IMAGE_ID AS IMAGE_ID1"
  FromList="IMAGE_USAGES EmployeeImageUsages, IMAGES Images"
  Where="EmployeeImageUsages.IMAGE_ID = Images.IMAGE_ID"
  BindingStyle="OracleName"
  CustomQuery="false"
  RowClass="tuhra.model.queries.main.AllEmployeeImagesRowImpl"
  ComponentClass="tuhra.model.framework.TuhraViewObjectImpl"
  PageIterMode="Full"
  UseGlueCode="false">
  <DesignTime>
    <Attr Name="_codeGenFlag2" Value="Access"/>
    <Attr Name="_isCodegen" Value="true"/>
  </DesignTime>
  <EntityUsage
    Name="EmployeeImageUsages"
    Entity="tuhra.model.entities.EmployeeImageUsages"/>
  <EntityUsage
    Name="Images"
    Entity="tuhra.model.entities.Images"
    Association="tuhra.model.entities.assoc.ImageUsagesImagesFkAssoc"
    AssociationEnd="tuhra.model.entities.assoc.ImageUsagesImagesFkAssoc.Images"
    SourceUsage="tuhra.model.queries.main.AllEmployeeImages.EmployeeImageUsages"
    Reference="true"
    DeleteParticipant="false"
    JoinType="INNER JOIN">
    <DesignTime>
      <AttrArray Name="_srcAttributes">
        <Item Value="tuhra.model.entities.ImageUsages.ImageId"/>
      </AttrArray>
      <AttrArray Name="_dstAttributes">
        <Item Value="tuhra.model.entities.Images.ImageId"/>
      </AttrArray>
    </DesignTime>
  </EntityUsage>
  <ViewAttribute
    Name="AssociatedId"
    IsNotNull="true"
    PrecisionRule="true"
    EntityAttrName="AssociatedId"
    EntityUsage="EmployeeImageUsages"
    AliasName="ASSOCIATED_ID"/>
  <ViewAttribute
    Name="DefaultImage"
    IsNotNull="true"
    PrecisionRule="true"
    EntityAttrName="DefaultImage"
    EntityUsage="EmployeeImageUsages"
    AliasName="DEFAULT_IMAGE"/>
  <ViewAttribute
    Name="ImageId"
    IsNotNull="true"
    PrecisionRule="true"
    EntityAttrName="ImageId"
    EntityUsage="EmployeeImageUsages"
    AliasName="IMAGE_ID"/>
  <ViewAttribute
    Name="UsageType"
    IsNotNull="true"
    PrecisionRule="true"
    DiscrColumn="true"
    EntityAttrName="UsageType"
    EntityUsage="EmployeeImageUsages"
    AliasName="USAGE_TYPE"/>
  <ViewAttribute
    Name="Image"
    IsNotNull="true"
    PrecisionRule="true"
    EntityAttrName="Image"
    EntityUsage="Images"
    AliasName="IMAGE"/>
  <ViewAttribute
    Name="ImageId1"
    IsUpdateable="while_insert"
    PrecisionRule="true"
    EntityAttrName="ImageId"
    EntityUsage="Images"
    AliasName="IMAGE_ID1"/>
  <AttrArray Name="KeyAttributes">
    <Item Value="AssociatedId"/>
    <Item Value="ImageId"/>
    <Item Value="UsageType"/>
  </AttrArray>
</ViewObject>
