<?xml version="1.0" encoding="windows-1252" ?>
<!DOCTYPE Association SYSTEM "jbo_03_01.dtd">
<!---->
<Association
  xmlns="http://xmlns.oracle.com/bc4j"
  Name="ImageUsagesImagesFkAssoc"
  Version="11.1.1.54.7">
  <DesignTime>
    <Attr Name="_isCodegen" Value="true"/>
  </DesignTime>
  <AssociationEnd
    Name="Images"
    Cardinality="1"
    Source="true"
    Owner="tuhra.model.entities.Images">
    <DesignTime>
      <Attr Name="_aggregation" Value="0"/>
      <Attr Name="_finderName" Value="Images"/>
      <Attr Name="_foreignKey" Value="tuhra.model.entities.Images.ImagesPk"/>
      <Attr Name="_isUpdateable" Value="true"/>
      <Attr Name="_minCardinality" Value="1"/>
    </DesignTime>
    <AttrArray Name="Attributes">
      <Item Value="tuhra.model.entities.Images.ImageId"/>
    </AttrArray>
  </AssociationEnd>
  <AssociationEnd
    Name="ImageUsages"
    Cardinality="-1"
    Owner="tuhra.model.entities.ImageUsages">
    <DesignTime>
      <Attr Name="_aggregation" Value="0"/>
      <Attr Name="_finderName" Value="ImageUsages"/>
      <Attr Name="_foreignKey"
        Value="tuhra.model.entities.ImageUsages.ImageUsagesImagesFk"/>
      <Attr Name="_isUpdateable" Value="true"/>
    </DesignTime>
    <AttrArray Name="Attributes">
      <Item Value="tuhra.model.entities.ImageUsages.ImageId"/>
    </AttrArray>
  </AssociationEnd>
</Association>
