<?xml version="1.0" encoding="windows-1252" ?>
<adfc-config xmlns="http://xmlns.oracle.com/adf/controller" version="1.2">
  <view id="employeeSearch">
    <page>/employeeSearch.jspx</page>
  </view>
  <view id="employeeEdit">
    <page>/employeeEdit.jspx</page>
  </view>
  <task-flow-call id="management-flow">
    <task-flow-reference>
      <document>/WEB-INF/management-flow.xml</document>
      <id>management-flow</id>
    </task-flow-reference>
  </task-flow-call>
  <control-flow-rule>
    <from-activity-id>*</from-activity-id>
    <control-flow-case>
      <from-outcome>search</from-outcome>
      <to-activity-id>employeeSearch</to-activity-id>
    </control-flow-case>
    <control-flow-case>
      <from-outcome>maintain</from-outcome>
      <to-activity-id>management-flow</to-activity-id>
    </control-flow-case>
  </control-flow-rule>
  <control-flow-rule>
    <from-activity-id>employeeSearch</from-activity-id>
    <control-flow-case>
      <from-outcome>edit</from-outcome>
      <to-activity-id>employeeEdit</to-activity-id>
    </control-flow-case>
  </control-flow-rule>
  <managed-bean>
    <managed-bean-name>searchScreenBB</managed-bean-name>
    <managed-bean-class>tuhra.view.backing.SearchScreenBean</managed-bean-class>
    <managed-bean-scope>backingBean</managed-bean-scope>
    <managed-property>
      <property-name>uiManager</property-name>
      <property-class>tuhra.view.UIManager</property-class>
      <value>#{uiState}</value>
    </managed-property>
  </managed-bean>
  <managed-bean>
    <managed-bean-name>uiState</managed-bean-name>
    <managed-bean-class>tuhra.view.UIManager</managed-bean-class>
    <managed-bean-scope>session</managed-bean-scope>
  </managed-bean>
  <managed-bean>
    <managed-bean-name>login</managed-bean-name>
    <managed-bean-class>tuhra.controller.LoginHandler</managed-bean-class>
    <managed-bean-scope>request</managed-bean-scope>
  </managed-bean>
</adfc-config>
