<?xml version="1.0" encoding="windows-1252" ?>
<!DOCTYPE ViewObject SYSTEM "jbo_03_01.dtd">
<!---->
<ViewObject
  xmlns="http://xmlns.oracle.com/bc4j"
  Name="FilteredManagerLOV"
  Version="11.1.1.54.7"
  SelectList="Employees.DEPARTMENT_ID, 
       Employees.EMPLOYEE_ID, 
       Employees.FIRST_NAME, 
       Employees.LAST_NAME"
  FromList="EMPLOYEES Employees"
  OrderBy="Employees.FIRST_NAME,Employees.LAST_NAME"
  BindingStyle="OracleName"
  CustomQuery="false"
  RowClass="tuhra.model.framework.TuhraViewRowImpl"
  ComponentClass="tuhra.model.framework.TuhraViewObjectImpl"
  PageIterMode="Full"
  UseGlueCode="false">
  <DesignTime>
    <Attr Name="_codeGenFlag2" Value="Access|VarAccess"/>
  </DesignTime>
  <Variable
    Name="CurrentEmployeeId"
    Kind="viewcriteria"
    Type="oracle.jbo.domain.Number"/>
  <Variable
    Name="CurrentDepartmentId"
    Kind="viewcriteria"
    Type="oracle.jbo.domain.Number"/>
  <EntityUsage
    Name="Employees"
    Entity="tuhra.model.entities.Employees"
    ReadOnly="true"
    DeleteParticipant="false"/>
  <ViewAttribute
    Name="DepartmentId"
    IsUpdateable="false"
    PrecisionRule="true"
    EntityAttrName="DepartmentId"
    EntityUsage="Employees"
    AliasName="DEPARTMENT_ID"/>
  <ViewAttribute
    Name="EmployeeId"
    IsUpdateable="while_insert"
    PrecisionRule="true"
    EntityAttrName="EmployeeId"
    EntityUsage="Employees"
    AliasName="EMPLOYEE_ID"/>
  <ViewAttribute
    Name="FirstName"
    PrecisionRule="true"
    EntityAttrName="FirstName"
    EntityUsage="Employees"
    AliasName="FIRST_NAME"/>
  <ViewAttribute
    Name="LastName"
    IsNotNull="true"
    PrecisionRule="true"
    EntityAttrName="LastName"
    EntityUsage="Employees"
    AliasName="LAST_NAME"/>
  <ViewCriteria
    Name="FilteredManagerLOVCriteria"
    ViewObjectName="tuhra.model.queries.lov.FilteredManagerLOV"
    Conjunction="AND">
    <Properties>
      <CustomProperties>
        <Property
          Name="displayOperators"
          Value="InAdvancedMode"/>
        <Property
          Name="autoExecute"
          Value="false"/>
        <Property
          Name="showInList"
          Value="true"/>
        <Property
          Name="allowConjunctionOverride"
          Value="true"/>
        <Property
          Name="mode"
          Value="Basic"/>
      </CustomProperties>
    </Properties>
    <ViewCriteriaRow
      Name="vcrow1"
      UpperColumns="1">
      <ViewCriteriaItem
        Name="EmployeeId"
        ViewAttribute="EmployeeId"
        Operator="&lt;>"
        Conjunction="AND"
        Value=":CurrentEmployeeId"
        GenerateIsNullClauseForBindVars="false"
        ValidateBindVars="true"
        IsBindVarValue="true"
        Required="Required"/>
    </ViewCriteriaRow>
    <ViewCriteriaRow
      Name="vcrow2"
      Conjunction="AND"
      UpperColumns="1">
      <ViewCriteriaItemCompound
        ViewAttribute="DepartmentId">
        <ViewCriteria
          Name="FilteredManagerLOVCriteria_vcrow2_DepartmentId_itemHolder"
          ViewObjectName="tuhra.model.queries.lov.FilteredManagerLOV"
          Conjunction="OR">
          <ViewCriteriaRow
            Name="vcrow5"
            Conjunction="AND">
            <ViewCriteriaItem
              Name="FilteredManagerLOVCriteria_vcrow2_DepartmentId"
              ViewAttribute="DepartmentId"
              Operator="="
              Conjunction="AND"
              Value="90"
              Required="Optional"/>
          </ViewCriteriaRow>
          <ViewCriteriaRow
            Name="vcrow6"
            Conjunction="OR">
            <ViewCriteriaItem
              Name="FilteredManagerLOVCriteria_vcrow2_DepartmentId_FilteredManagerLOVCriteria_vcrow2_DepartmentId_itemHolder_vcrow6_DepartmentId"
              ViewAttribute="DepartmentId"
              Operator="="
              Conjunction="OR"
              Value=":CurrentDepartmentId"
              IsBindVarValue="true"
              Required="Optional"/>
          </ViewCriteriaRow>
        </ViewCriteria>
      </ViewCriteriaItemCompound>
    </ViewCriteriaRow>
  </ViewCriteria>
</ViewObject>
