<?xml version='1.0' encoding='utf-8'?>
<jazn-data>
    <jazn-realm default="jazn.com">
        <realm>
            <name>jazn.com</name>
            <users>
                <user>
                    <name>TFOX</name>
                    <credentials>{903}oIjViBC828SXHtINyfv9hGxio+pasiSu2TSP89QlQ60=</credentials>
                </user>
                <user>
                    <name>NKOCHHAR</name>
                    <credentials>{903}ZQap5z/XJdA0W7pMgVINxMPDqF0Hl/JX8L/sZWYlG4s=</credentials>
                </user>
                <user>
                    <name>CDAVIES</name>
                    <credentials>{903}fbYc0XWLXw23WL2aouqT8ffpvok8i9nTnlQUkaDFoMw=</credentials>
                </user>
            </users>
            <roles>
                <role>
                    <name>cs_admin</name>
                    <members>
                        <member>
                            <type>user</type>
                            <name>TFOX</name>
                        </member>
                    </members>
                </role>
                <role>
                    <name>cs_manager</name>
                    <members>
                        <member>
                            <type>user</type>
                            <name>NKOCHHAR</name>
                        </member>
                    </members>
                </role>
                <role>
                    <name>cs_user</name>
                    <members>
                        <member>
                            <type>user</type>
                            <name>CDAVIES</name>
                        </member>
                    </members>
                </role>
            </roles>
        </realm>
    </jazn-realm>
    <policy-store>
        <applications>
            <application>
                <name>tuhra2</name>
                <app-roles>
                    <app-role>
                        <name>user</name>
                        <class>oracle.security.jps.service.policystore.ApplicationRole</class>
                        <members>
                            <member>
                                <name>cs_admin</name>
                                <class>oracle.security.jps.internal.core.principals.JpsXmlEnterpriseRoleImpl</class>
                            </member>
                            <member>
                                <name>cs_manager</name>
                                <class>oracle.security.jps.internal.core.principals.JpsXmlEnterpriseRoleImpl</class>
                            </member>
                            <member>
                                <name>cs_user</name>
                                <class>oracle.security.jps.internal.core.principals.JpsXmlEnterpriseRoleImpl</class>
                            </member>
                        </members>
                    </app-role>
                    <app-role>
                        <name>manager</name>
                        <class>oracle.security.jps.service.policystore.ApplicationRole</class>
                        <members>
                            <member>
                                <name>cs_manager</name>
                                <class>oracle.security.jps.internal.core.principals.JpsXmlEnterpriseRoleImpl</class>
                            </member>
                            <member>
                                <name>cs_admin</name>
                                <class>oracle.security.jps.internal.core.principals.JpsXmlEnterpriseRoleImpl</class>
                            </member>
                        </members>
                    </app-role>
                    <app-role>
                        <name>admin</name>
                        <class>oracle.security.jps.service.policystore.ApplicationRole</class>
                        <members>
                            <member>
                                <name>cs_admin</name>
                                <class>oracle.security.jps.internal.core.principals.JpsXmlEnterpriseRoleImpl</class>
                            </member>
                        </members>
                    </app-role>
                </app-roles>
            </application>
        </applications>
    </policy-store>
    <jazn-policy>
    </jazn-policy>
</jazn-data>

