<?xml version="1.0" encoding="windows-1252" ?>
<!DOCTYPE ViewLink SYSTEM "jbo_03_01.dtd">
<!---->
<ViewLink
  xmlns="http://xmlns.oracle.com/bc4j"
  Name="DepartmentSalaryEmployeesInDepartmentVL"
  Version="11.1.1.54.7">
  <DesignTime>
    <Attr Name="_isCodegen" Value="true"/>
  </DesignTime>
  <ViewLinkDefEnd
    Name="DepartmentSalary"
    Cardinality="1"
    Owner="demo.model.DepartmentSalary"
    Source="true">
    <DesignTime>
      <Attr Name="_finderName" Value="DepartmentSalary"/>
      <Attr Name="_isUpdateable" Value="true"/>
    </DesignTime>
    <AttrArray Name="Attributes">
      <Item Value="demo.model.DepartmentSalary.DepartmentId"/>
    </AttrArray>
  </ViewLinkDefEnd>
  <ViewLinkDefEnd
    Name="EmployeesInDepartment"
    Cardinality="-1"
    Owner="demo.model.EmployeeDetails">
    <DesignTime>
      <Attr Name="_finderName" Value="EmployeesInDepartment"/>
      <Attr Name="_isUpdateable" Value="true"/>
    </DesignTime>
    <AttrArray Name="Attributes">
      <Item Value="demo.model.EmployeeDetails.DepartmentId"/>
    </AttrArray>
  </ViewLinkDefEnd>
</ViewLink>
