<?xml version='1.0' encoding='utf-8'?>
<jazn-data>
    <jazn-realm default="jazn.com">
        <realm>
            <name>jazn.com</name>
            <users>
                <user>
                    <name>TFOX</name>
                    <guid>D2DC64D0B48611DEBFB2F7537F1514B3</guid>
                    <credentials>{903}oIjViBC828SXHtINyfv9hGxio+pasiSu2TSP89QlQ60=</credentials>
                </user>
                <user>
                    <name>NKOCHHAR</name>
                    <guid>D2DC64D1B48611DEBFB2F7537F1514B3</guid>
                    <credentials>{903}ZQap5z/XJdA0W7pMgVINxMPDqF0Hl/JX8L/sZWYlG4s=</credentials>
                </user>
                <user>
                    <name>CDAVIES</name>
                    <guid>D2DC64D2B48611DEBFB2F7537F1514B3</guid>
                    <credentials>{903}fbYc0XWLXw23WL2aouqT8ffpvok8i9nTnlQUkaDFoMw=</credentials>
                </user>
            </users>
            <roles>
                <role>
                    <name>cs_admin</name>
                    <guid>D2DC64D3B48611DEBFB2F7537F1514B3</guid>
                    <members>
                        <member>
                            <type>user</type>
                            <name>TFOX</name>
                        </member>
                    </members>
                </role>
                <role>
                    <name>cs_manager</name>
                    <guid>D2DC64D4B48611DEBFB2F7537F1514B3</guid>
                    <members>
                        <member>
                            <type>user</type>
                            <name>NKOCHHAR</name>
                        </member>
                    </members>
                </role>
                <role>
                    <name>cs_user</name>
                    <guid>D2DC64D5B48611DEBFB2F7537F1514B3</guid>
                    <members>
                        <member>
                            <type>user</type>
                            <name>CDAVIES</name>
                        </member>
                    </members>
                </role>
            </roles>
        </realm>
    </jazn-realm>
    <policy-store>
        <applications>
            <application>
                <name>tuhra2</name>
                <app-roles>
                    <app-role>
                        <name>user</name>
                        <class>oracle.security.jps.service.policystore.ApplicationRole</class>
                        <members>
                            <member>
                                <class>oracle.security.jps.internal.core.principals.JpsXmlEnterpriseRoleImpl</class>
                                <name>cs_admin</name>
                            </member>
                            <member>
                                <class>oracle.security.jps.internal.core.principals.JpsXmlEnterpriseRoleImpl</class>
                                <name>cs_manager</name>
                            </member>
                            <member>
                                <class>oracle.security.jps.internal.core.principals.JpsXmlEnterpriseRoleImpl</class>
                                <name>cs_user</name>
                            </member>
                        </members>
                    </app-role>
                    <app-role>
                        <name>manager</name>
                        <class>oracle.security.jps.service.policystore.ApplicationRole</class>
                        <members>
                            <member>
                                <class>oracle.security.jps.internal.core.principals.JpsXmlEnterpriseRoleImpl</class>
                                <name>cs_manager</name>
                            </member>
                            <member>
                                <class>oracle.security.jps.internal.core.principals.JpsXmlEnterpriseRoleImpl</class>
                                <name>cs_admin</name>
                            </member>
                        </members>
                    </app-role>
                    <app-role>
                        <name>admin</name>
                        <class>oracle.security.jps.service.policystore.ApplicationRole</class>
                        <members>
                            <member>
                                <class>oracle.security.jps.internal.core.principals.JpsXmlEnterpriseRoleImpl</class>
                                <name>cs_admin</name>
                            </member>
                        </members>
                    </app-role>
                </app-roles>
                <jazn-policy>
                    <grant>
                        <grantee>
                            <principals>
                                <principal>
                                    <class>oracle.security.jps.internal.core.principals.JpsAnonymousRoleImpl</class>
                                    <name>anonymous-role</name>
                                </principal>
                            </principals>
                        </grantee>
                        <permissions>
                            <permission>
                                <class>oracle.adf.share.security.authorization.RegionPermission</class>
                                <name>tuhra.view.pageDefs.employeeSearchPageDef</name>
                                <actions>view</actions>
                            </permission>
                            <permission>
                                <class>oracle.adf.controller.security.TaskFlowPermission</class>
                                <name>/WEB-INF/searchEmployees-flow.xml#searchEmployees-flow</name>
                                <actions>view</actions>
                            </permission>
                            <permission>
                                <class>oracle.adf.controller.security.TaskFlowPermission</class>
                                <name>/WEB-INF/departmentTree-flow.xml#departmentTree-flow</name>
                                <actions>view</actions>
                            </permission>
                        </permissions>
                    </grant>
                    <grant>
                        <grantee>
                            <principals>
                                <principal>
                                    <class>oracle.security.jps.service.policystore.ApplicationRole</class>
                                    <name>user</name>
                                </principal>
                            </principals>
                        </grantee>
                        <permissions>
                            <permission>
                                <class>oracle.adf.share.security.authorization.RegionPermission</class>
                                <name>tuhra.view.pageDefs.employeeEditPageDef</name>
                                <actions>view</actions>
                            </permission>
                            <permission>
                                <class>oracle.adf.controller.security.TaskFlowPermission</class>
                                <name>/WEB-INF/editEmployee-flow.xml#editEmployee-flow</name>
                                <actions>view</actions>
                            </permission>
                            <permission>
                                <class>oracle.adf.controller.security.TaskFlowPermission</class>
                                <name>/WEB-INF/imageLOV-flow.xml#imageLOV-flow</name>
                                <actions>view</actions>
                            </permission>
                        </permissions>
                    </grant>
                    <grant>
                        <grantee>
                            <principals>
                                <principal>
                                    <class>oracle.security.jps.service.policystore.ApplicationRole</class>
                                    <name>admin</name>
                                </principal>
                            </principals>
                        </grantee>
                        <permissions>
                            <permission>
                                <class>oracle.adf.controller.security.TaskFlowPermission</class>
                                <name>/WEB-INF/management-flow.xml#management-flow</name>
                                <actions>view</actions>
                            </permission>
                        </permissions>
                    </grant>
                </jazn-policy>
            </application>
        </applications>
    </policy-store>
    <jazn-policy>
    </jazn-policy>
</jazn-data>

