<?xml version="1.0" encoding="windows-1252" ?>
<!DOCTYPE Association SYSTEM "jbo_03_01.dtd">
<!---->
<Association
  xmlns="http://xmlns.oracle.com/bc4j"
  Name="JhistEmpFkAssoc"
  Version="11.1.1.54.7">
  <DesignTime>
    <Attr Name="_isCodegen" Value="true"/>
  </DesignTime>
  <AssociationEnd
    Name="Employees"
    Cardinality="1"
    Source="true"
    Owner="tuhra.model.entities.Employees"
    DeleteContainee="true"
    LockLevel="NONE">
    <DesignTime>
      <Attr Name="_aggregation" Value="0"/>
      <Attr Name="_finderName" Value="Employees"/>
      <Attr Name="_foreignKey"
        Value="tuhra.model.entities.Employees.EmpEmpIdPk"/>
      <Attr Name="_isUpdateable" Value="true"/>
      <Attr Name="_minCardinality" Value="1"/>
    </DesignTime>
    <AttrArray Name="Attributes">
      <Item Value="tuhra.model.entities.Employees.EmployeeId"/>
    </AttrArray>
  </AssociationEnd>
  <AssociationEnd
    Name="JobHistory"
    Cardinality="-1"
    Owner="tuhra.model.entities.JobHistory"
    ViewObject="tuhra.model.queries.main.AllJobHistory"
    HasOwner="true">
    <DesignTime>
      <Attr Name="_aggregation" Value="0"/>
      <Attr Name="_finderName" Value="JobHistory"/>
      <Attr Name="_foreignKey"
        Value="tuhra.model.entities.JobHistory.JhistEmpFk"/>
      <Attr Name="_isUpdateable" Value="true"/>
    </DesignTime>
    <AttrArray Name="Attributes">
      <Item Value="tuhra.model.entities.JobHistory.EmployeeId"/>
    </AttrArray>
  </AssociationEnd>
</Association>
