<?xml version="1.0" encoding="windows-1252" ?>
<!DOCTYPE Association SYSTEM "jbo_03_01.dtd">
<!---->
<Association
  xmlns="http://xmlns.oracle.com/bc4j"
  Name="EmployeeImageUsagesAssoc"
  Version="11.1.1.54.7">
  <DesignTime>
    <Attr Name="_isCodegen" Value="true"/>
  </DesignTime>
  <AssociationEnd
    Name="Employees"
    Cardinality="1"
    Source="true"
    Owner="tuhra.model.entities.Employees"
    LockLevel="NONE">
    <DesignTime>
      <Attr Name="_aggregation" Value="0"/>
      <Attr Name="_finderName" Value="Employees"/>
      <Attr Name="_isUpdateable" Value="true"/>
      <Attr Name="_minCardinality" Value="1"/>
    </DesignTime>
    <AttrArray Name="Attributes">
      <Item Value="tuhra.model.entities.Employees.EmployeeId"/>
    </AttrArray>
  </AssociationEnd>
  <AssociationEnd
    Name="EmployeeImageUsages"
    Cardinality="-1"
    Owner="tuhra.model.entities.EmployeeImageUsages">
    <DesignTime>
      <Attr Name="_aggregation" Value="0"/>
      <Attr Name="_finderName" Value="EmployeeImageUsages"/>
      <Attr Name="_isUpdateable" Value="true"/>
    </DesignTime>
    <AttrArray Name="Attributes">
      <Item Value="tuhra.model.entities.EmployeeImageUsages.AssociatedId"/>
    </AttrArray>
  </AssociationEnd>
</Association>
