<?xml version="1.0" encoding="windows-1252" ?>
<!DOCTYPE Entity SYSTEM "jbo_03_01.dtd">
<!---->
<Entity
  xmlns="http://xmlns.oracle.com/bc4j"
  Name="Departments"
  Version="11.1.1.54.7"
  DBObjectType="table"
  DBObjectName="DEPARTMENTS"
  AliasName="Departments"
  BindingStyle="OracleName"
  UseGlueCode="false"
  RowClass="tuhra.model.framework.TuhraEntityImpl">
  <DesignTime>
    <Attr Name="_codeGenFlag2" Value="Access"/>
    <AttrArray Name="_publishEvents"/>
  </DesignTime>
  <Attribute
    Name="DepartmentId"
    IsNotNull="true"
    Precision="4"
    Scale="0"
    ColumnName="DEPARTMENT_ID"
    SQLType="NUMERIC"
    Type="oracle.jbo.domain.Number"
    ColumnType="NUMBER"
    TableName="DEPARTMENTS"
    PrimaryKey="true">
    <DesignTime>
      <Attr Name="_DisplaySize" Value="22"/>
    </DesignTime>
  </Attribute>
  <Attribute
    Name="DepartmentName"
    IsNotNull="true"
    Precision="30"
    ColumnName="DEPARTMENT_NAME"
    SQLType="VARCHAR"
    Type="java.lang.String"
    ColumnType="VARCHAR2"
    TableName="DEPARTMENTS">
    <DesignTime>
      <Attr Name="_DisplaySize" Value="30"/>
    </DesignTime>
    <Properties>
      <SchemaBasedProperties>
        <LABEL
          ResId="tuhra.model.entities.Departments.DepartmentName_LABEL"/>
        <DISPLAYWIDTH
          Value="80"/>
      </SchemaBasedProperties>
    </Properties>
  </Attribute>
  <Attribute
    Name="ManagerId"
    Precision="6"
    Scale="0"
    ColumnName="MANAGER_ID"
    SQLType="NUMERIC"
    Type="oracle.jbo.domain.Number"
    ColumnType="NUMBER"
    TableName="DEPARTMENTS">
    <DesignTime>
      <Attr Name="_DisplaySize" Value="22"/>
    </DesignTime>
  </Attribute>
  <Attribute
    Name="LocationId"
    Precision="4"
    Scale="0"
    ColumnName="LOCATION_ID"
    SQLType="NUMERIC"
    Type="oracle.jbo.domain.Number"
    ColumnType="NUMBER"
    TableName="DEPARTMENTS">
    <DesignTime>
      <Attr Name="_DisplaySize" Value="22"/>
    </DesignTime>
  </Attribute>
  <AccessorAttribute
    Name="Employees"
    Association="tuhra.model.entities.assoc.DeptMgrFkAssoc"
    AssociationEnd="tuhra.model.entities.assoc.DeptMgrFkAssoc.Employees"
    AssociationOtherEnd="tuhra.model.entities.assoc.DeptMgrFkAssoc.Departments"
    Type="tuhra.model.framework.TuhraEntityImpl"
    IsUpdateable="true"/>
  <AccessorAttribute
    Name="Employees1"
    Association="tuhra.model.entities.assoc.EmpDeptFkAssoc"
    AssociationEnd="tuhra.model.entities.assoc.EmpDeptFkAssoc.Employees1"
    AssociationOtherEnd="tuhra.model.entities.assoc.EmpDeptFkAssoc.Departments1"
    Type="oracle.jbo.RowIterator"
    IsUpdateable="false"/>
  <AccessorAttribute
    Name="JobHistory"
    Association="tuhra.model.entities.assoc.JhistDeptFkAssoc"
    AssociationEnd="tuhra.model.entities.assoc.JhistDeptFkAssoc.JobHistory"
    AssociationOtherEnd="tuhra.model.entities.assoc.JhistDeptFkAssoc.Departments"
    Type="oracle.jbo.RowIterator"
    IsUpdateable="false"/>
  <Key
    Name="DeptIdPk"
    PrimaryKey="true">
    <DesignTime>
      <Attr Name="_DBObjectName" Value="DEPT_ID_PK"/>
    </DesignTime>
    <AttrArray Name="Attributes">
      <Item Value="tuhra.model.entities.Departments.DepartmentId"/>
    </AttrArray>
  </Key>
  <Key
    Name="DeptNameNn">
    <DesignTime>
      <Attr Name="_DBObjectName" Value="DEPT_NAME_NN"/>
      <Attr Name="_checkCondition" Value='"DEPARTMENT_NAME" IS NOT NULL'/>
      <Attr Name="_isCheck" Value="true"/>
    </DesignTime>
    <AttrArray Name="Attributes">
      <Item Value="tuhra.model.entities.Departments.DepartmentName"/>
    </AttrArray>
  </Key>
  <Key
    Name="DeptLocFk">
    <DesignTime>
      <Attr Name="_referencedKey" Value="LOC_ID_PK"/>
      <Attr Name="_isForeign" Value="true"/>
      <Attr Name="_DBObjectName" Value="DEPT_LOC_FK"/>
    </DesignTime>
    <AttrArray Name="Attributes">
      <Item Value="tuhra.model.entities.Departments.LocationId"/>
    </AttrArray>
  </Key>
  <Key
    Name="DeptMgrFk">
    <DesignTime>
      <Attr Name="_referencedKey" Value="EMP_EMP_ID_PK"/>
      <Attr Name="_isForeign" Value="true"/>
      <Attr Name="_DBObjectName" Value="DEPT_MGR_FK"/>
    </DesignTime>
    <AttrArray Name="Attributes">
      <Item Value="tuhra.model.entities.Departments.ManagerId"/>
    </AttrArray>
  </Key>
  <ResourceBundle>
    <PropertiesBundle
      PropertiesFile="tuhra.model.resources.ModelBundle"/>
  </ResourceBundle>
</Entity>
