<?xml version="1.0" encoding="windows-1252" ?>
<!DOCTYPE Entity SYSTEM "jbo_03_01.dtd">
<!---->
<Entity
  xmlns="http://xmlns.oracle.com/bc4j"
  Name="Images"
  Version="11.1.1.54.7"
  DBObjectType="table"
  DBObjectName="IMAGES"
  AliasName="Images"
  BindingStyle="OracleName"
  UseGlueCode="false"
  RowClass="tuhra.model.entities.ImagesImpl">
  <DesignTime>
    <Attr Name="_codeGenFlag2" Value="Access"/>
    <AttrArray Name="_publishEvents"/>
    <Attr Name="_isCodegen" Value="true"/>
  </DesignTime>
  <Attribute
    Name="ImageId"
    ColumnName="IMAGE_ID"
    SQLType="NUMERIC"
    Type="oracle.jbo.domain.DBSequence"
    ColumnType="NUMBER"
    TableName="IMAGES"
    PrimaryKey="true"
    IsUpdateable="while_insert"
    DefaultValue="@0"
    Domain="oracle.jbo.domain.DBSequence"
    RetrievedOnInsert="true">
    <DesignTime>
      <Attr Name="_DisplaySize" Value="22"/>
    </DesignTime>
  </Attribute>
  <Attribute
    Name="Image"
    IsNotNull="true"
    Precision="120"
    ColumnName="IMAGE"
    SQLType="VARCHAR"
    Type="java.lang.String"
    ColumnType="VARCHAR2"
    TableName="IMAGES">
    <DesignTime>
      <Attr Name="_DisplaySize" Value="120"/>
    </DesignTime>
  </Attribute>
  <AccessorAttribute
    Name="ImageUsages"
    Association="tuhra.model.entities.assoc.ImageUsagesImagesFkAssoc"
    AssociationEnd="tuhra.model.entities.assoc.ImageUsagesImagesFkAssoc.ImageUsages"
    AssociationOtherEnd="tuhra.model.entities.assoc.ImageUsagesImagesFkAssoc.Images"
    Type="oracle.jbo.RowIterator"
    IsUpdateable="false"/>
  <Key
    Name="ImagesPk"
    PrimaryKey="true">
    <DesignTime>
      <Attr Name="_DBObjectName" Value="IMAGES_PK"/>
    </DesignTime>
    <AttrArray Name="Attributes">
      <Item Value="tuhra.model.entities.Images.ImageId"/>
    </AttrArray>
  </Key>
  <Key
    Name="SysC0017760">
    <DesignTime>
      <Attr Name="_DBObjectName" Value="SYS_C0017760"/>
      <Attr Name="_checkCondition" Value='"IMAGE_ID" IS NOT NULL'/>
      <Attr Name="_isCheck" Value="true"/>
    </DesignTime>
    <AttrArray Name="Attributes"/>
  </Key>
  <Key
    Name="SysC0017761">
    <DesignTime>
      <Attr Name="_DBObjectName" Value="SYS_C0017761"/>
      <Attr Name="_checkCondition" Value='"IMAGE" IS NOT NULL'/>
      <Attr Name="_isCheck" Value="true"/>
    </DesignTime>
    <AttrArray Name="Attributes">
      <Item Value="tuhra.model.entities.Images.Image"/>
    </AttrArray>
  </Key>
</Entity>
