<?xml version="1.0" encoding="windows-1252" ?>
<adfc-config xmlns="http://xmlns.oracle.com/adf/controller" version="1.2">
  <task-flow-definition id="editEmployee-flow">
    <default-activity>checkForExplicitID</default-activity>
    <input-parameter-definition>
      <name>employeeId</name>
      <value>#{pageFlowScope.employeeId}</value>
    </input-parameter-definition>
    <managed-bean>
      <managed-bean-name>employeeEditBB</managed-bean-name>
      <managed-bean-class>tuhra.view.backing.EmployeeEditBean</managed-bean-class>
      <managed-bean-scope>view</managed-bean-scope>
    </managed-bean>
    <view id="editEmployee">
      <page>/fragments/editEmployee.jsff</page>
    </view>
    <router id="checkForExplicitID">
      <case>
        <expression>#{!empty pageFlowScope.employeeId}</expression>
        <outcome>byId</outcome>
      </case>
      <default-outcome>currentUser</default-outcome>
    </router>
    <method-call id="queryEmployeeById">
      <method>#{bindings.queryEmployeeById.execute}</method>
      <outcome>
        <fixed-outcome>queryEmployeeById</fixed-outcome>
      </outcome>
    </method-call>
    <control-flow-rule>
      <from-activity-id>*</from-activity-id>
      <control-flow-case>
        <from-outcome>refresh</from-outcome>
        <to-activity-id>checkForExplicitID</to-activity-id>
      </control-flow-case>
    </control-flow-rule>
    <control-flow-rule>
      <from-activity-id>checkForExplicitID</from-activity-id>
      <control-flow-case>
        <from-outcome>currentUser</from-outcome>
        <to-activity-id>editEmployee</to-activity-id>
      </control-flow-case>
      <control-flow-case>
        <from-outcome>byId</from-outcome>
        <to-activity-id>queryEmployeeById</to-activity-id>
      </control-flow-case>
    </control-flow-rule>
    <control-flow-rule>
      <from-activity-id>queryEmployeeById</from-activity-id>
      <control-flow-case>
        <from-outcome>queryEmployeeById</from-outcome>
        <to-activity-id>editEmployee</to-activity-id>
      </control-flow-case>
    </control-flow-rule>
    <use-page-fragments/>
  </task-flow-definition>
</adfc-config>
