<?xml version="1.0" encoding="windows-1252" ?>
<!DOCTYPE ViewLink SYSTEM "jbo_03_01.dtd">
<!---->
<ViewLink
  xmlns="http://xmlns.oracle.com/bc4j"
  Name="DepartmentSelectionVL"
  Version="11.1.1.54.7">
  <DesignTime>
    <Attr Name="_isCodegen" Value="true"/>
  </DesignTime>
  <ViewLinkDefEnd
    Name="DepartmentsList"
    Cardinality="1"
    Owner="tuhra.model.queries.DepartmentsList"
    Source="true">
    <DesignTime>
      <Attr Name="_finderName" Value="DepartmentsList"/>
      <Attr Name="_isUpdateable" Value="true"/>
    </DesignTime>
    <AttrArray Name="Attributes">
      <Item Value="tuhra.model.queries.DepartmentsList.DepartmentId"/>
    </AttrArray>
  </ViewLinkDefEnd>
  <ViewLinkDefEnd
    Name="AllDepartmentsWithManagers"
    Cardinality="-1"
    Owner="tuhra.model.queries.AllDepartmentsWithManagers">
    <DesignTime>
      <Attr Name="_accessor" Value="false"/>
      <Attr Name="_finderName" Value="AllDepartmentsWithManagers"/>
      <Attr Name="_isUpdateable" Value="true"/>
    </DesignTime>
    <AttrArray Name="Attributes">
      <Item
        Value="tuhra.model.queries.AllDepartmentsWithManagers.DepartmentId"/>
    </AttrArray>
  </ViewLinkDefEnd>
</ViewLink>
