<?xml version="1.0" encoding="windows-1252" ?>
<!DOCTYPE ViewObject SYSTEM "jbo_03_01.dtd">
<!---->
<ViewObject
  xmlns="http://xmlns.oracle.com/bc4j"
  Name="AllEmployees"
  Version="11.1.1.54.7"
  SelectList="Employees.EMPLOYEE_ID, 
       Employees.FIRST_NAME, 
       Employees.LAST_NAME, 
       Employees.EMAIL, 
       Employees.PHONE_NUMBER, 
       Employees.JOB_ID, 
       ImageUsages.ASSOCIATED_ID, 
       ImageUsages.DEFAULT_IMAGE, 
       ImageUsages.IMAGE_ID, 
       ImageUsages.USAGE_TYPE, 
       Images.IMAGE_ID AS IMAGE_ID1, 
       Images.IMAGE, 
       Jobs.JOB_ID AS JOB_ID1, 
       Jobs.JOB_TITLE, 
       Employees.COMMISSION_PCT, 
       Employees.CREATED_BY, 
       Employees.CREATED_DATE, 
       Employees.DEPARTMENT_ID, 
       Employees.HIRE_DATE, 
       Employees.MANAGER_ID, 
       Employees.MODIFIED_BY, 
       Employees.MODIFIED_DATE, 
       Employees.SALARY"
  FromList="EMPLOYEES Employees, IMAGES Images, IMAGE_USAGES ImageUsages, JOBS Jobs"
  Where="ImageUsages.IMAGE_ID = Images.IMAGE_ID(+)
AND ImageUsages.ASSOCIATED_ID(+) = Employees.EMPLOYEE_ID
AND ImageUsages.USAGE_TYPE(+) = 'E'
AND Employees.JOB_ID = Jobs.JOB_ID"
  OrderBy="Employees.LAST_NAME, Employees.FIRST_NAME"
  BindingStyle="OracleName"
  CustomQuery="false"
  RowClass="tuhra.model.framework.TuhraViewRowImpl"
  ComponentClass="tuhra.model.framework.TuhraViewObjectImpl"
  PageIterMode="Full"
  UseGlueCode="false">
  <DesignTime>
    <Attr Name="_codeGenFlag2" Value="Access|VarAccess"/>
  </DesignTime>
  <ViewAccessor
    Name="DepartmentsLOVAccessor"
    ViewObjectName="tuhra.model.queries.lov.DepartmentsLOV"
    RowLevelBinds="true"/>
  <ViewAccessor
    Name="JobsLOVAccessor"
    ViewObjectName="tuhra.model.queries.lov.JobsLOV"
    RowLevelBinds="true"/>
  <ViewAccessor
    Name="FilteredManagerLOVAccessor"
    ViewObjectName="tuhra.model.queries.lov.FilteredManagerLOV">
    <ViewCriteriaUsage
      Name="FilteredManagerLOVCriteria"
      FullName="tuhra.model.queries.lov.FilteredManagerLOV.FilteredManagerLOVCriteria"/>
    <ParameterMap>
      <PIMap Variable="CurrentDepartmentId">
        <TransientExpression><![CDATA[DepartmentId]]></TransientExpression>
      </PIMap>
      <PIMap Variable="CurrentEmployeeId">
        <TransientExpression><![CDATA[EmployeeId]]></TransientExpression>
      </PIMap>
    </ParameterMap>
  </ViewAccessor>
  <ListBinding
    Name="LOV_DepartmentId"
    ListVOName="DepartmentsLOVAccessor"
    ListRangeSize="-1"
    NullValueFlag="start"
    NullValueId="LOV_DepartmentId_LOVUIHints_NullValueId"
    MRUCount="0">
    <AttrArray Name="AttrNames">
      <Item Value="DepartmentId"/>
    </AttrArray>
    <AttrArray Name="ListAttrNames">
      <Item Value="DepartmentId"/>
    </AttrArray>
    <AttrArray Name="ListDisplayAttrNames">
      <Item Value="DepartmentName"/>
    </AttrArray>
    <DisplayCriteria/>
  </ListBinding>
  <ListBinding
    Name="LOV_JobId"
    ListVOName="JobsLOVAccessor"
    ListRangeSize="-1"
    NullValueFlag="start"
    NullValueId="LOV_JobId_LOVUIHints_NullValueId"
    MRUCount="0">
    <AttrArray Name="AttrNames">
      <Item Value="JobId"/>
    </AttrArray>
    <AttrArray Name="ListAttrNames">
      <Item Value="JobId"/>
    </AttrArray>
    <AttrArray Name="ListDisplayAttrNames">
      <Item Value="JobTitle"/>
    </AttrArray>
    <DisplayCriteria/>
  </ListBinding>
  <ListBinding
    Name="LOV_ManagerId"
    ListVOName="FilteredManagerLOVAccessor"
    ListRangeSize="10"
    NullValueFlag="none"
    NullValueId="LOV_ManagerId_LOVUIHints_NullValueId"
    MRUCount="0">
    <AttrArray Name="AttrNames">
      <Item Value="ManagerId"/>
    </AttrArray>
    <AttrArray Name="ListAttrNames">
      <Item Value="EmployeeId"/>
    </AttrArray>
    <AttrArray Name="ListDisplayAttrNames">
      <Item Value="FirstName"/>
      <Item Value="LastName"/>
    </AttrArray>
    <DisplayCriteria
      Hint="showAndExecute"/>
  </ListBinding>
  <EntityUsage
    Name="Employees"
    Entity="tuhra.model.entities.Employees"/>
  <EntityUsage
    Name="Images"
    Entity="tuhra.model.entities.Images"
    SourceUsage="tuhra.model.queries.AllEmployees.Employees"
    ReadOnly="true"
    Reference="true"
    DeleteParticipant="false"/>
  <EntityUsage
    Name="ImageUsages"
    Entity="tuhra.model.entities.ImageUsages"
    Association="tuhra.model.entities.ImageUsagesImagesFkAssoc"
    AssociationEnd="tuhra.model.entities.ImageUsagesImagesFkAssoc.ImageUsages"
    SourceUsage="tuhra.model.queries.AllEmployees.Images"
    ReadOnly="true"
    Reference="true"
    DeleteParticipant="false"
    JoinType="INNER JOIN">
    <DesignTime>
      <AttrArray Name="_srcAttributes">
        <Item Value="tuhra.model.entities.Images.ImageId"/>
      </AttrArray>
      <AttrArray Name="_dstAttributes">
        <Item Value="tuhra.model.entities.ImageUsages.ImageId"/>
      </AttrArray>
    </DesignTime>
  </EntityUsage>
  <EntityUsage
    Name="Jobs"
    Entity="tuhra.model.entities.Jobs"
    Association="tuhra.model.entities.EmpJobFkAssoc"
    AssociationEnd="tuhra.model.entities.EmpJobFkAssoc.Jobs"
    SourceUsage="tuhra.model.queries.AllEmployees.Employees"
    ReadOnly="true"
    Reference="true"
    DeleteParticipant="false"
    JoinType="INNER JOIN">
    <DesignTime>
      <AttrArray Name="_srcAttributes">
        <Item Value="tuhra.model.entities.Employees.JobId"/>
      </AttrArray>
      <AttrArray Name="_dstAttributes">
        <Item Value="tuhra.model.entities.Jobs.JobId"/>
      </AttrArray>
    </DesignTime>
  </EntityUsage>
  <ViewAttribute
    Name="EmployeeId"
    IsUpdateable="while_insert"
    PrecisionRule="true"
    EntityAttrName="EmployeeId"
    EntityUsage="Employees"
    AliasName="EMPLOYEE_ID"/>
  <ViewAttribute
    Name="FirstName"
    PrecisionRule="true"
    EntityAttrName="FirstName"
    EntityUsage="Employees"
    AliasName="FIRST_NAME"/>
  <ViewAttribute
    Name="LastName"
    IsNotNull="true"
    PrecisionRule="true"
    EntityAttrName="LastName"
    EntityUsage="Employees"
    AliasName="LAST_NAME"/>
  <ViewAttribute
    Name="Email"
    IsUnique="true"
    IsNotNull="true"
    PrecisionRule="true"
    EntityAttrName="Email"
    EntityUsage="Employees"
    AliasName="EMAIL"/>
  <ViewAttribute
    Name="PhoneNumber"
    PrecisionRule="true"
    EntityAttrName="PhoneNumber"
    EntityUsage="Employees"
    AliasName="PHONE_NUMBER"/>
  <ViewAttribute
    Name="JobId"
    IsNotNull="true"
    PrecisionRule="true"
    EntityAttrName="JobId"
    EntityUsage="Employees"
    AliasName="JOB_ID"
    LOVName="LOV_JobId">
    <Properties>
      <SchemaBasedProperties>
        <CONTROLTYPE
          Value="choice"/>
      </SchemaBasedProperties>
    </Properties>
  </ViewAttribute>
  <ViewAttribute
    Name="AssociatedId"
    IsNotNull="true"
    PrecisionRule="true"
    EntityAttrName="AssociatedId"
    EntityUsage="ImageUsages"
    AliasName="ASSOCIATED_ID"/>
  <ViewAttribute
    Name="DefaultImage"
    IsNotNull="true"
    PrecisionRule="true"
    EntityAttrName="DefaultImage"
    EntityUsage="ImageUsages"
    AliasName="DEFAULT_IMAGE"/>
  <ViewAttribute
    Name="ImageId"
    IsNotNull="true"
    PrecisionRule="true"
    EntityAttrName="ImageId"
    EntityUsage="ImageUsages"
    AliasName="IMAGE_ID"/>
  <ViewAttribute
    Name="UsageType"
    IsNotNull="true"
    PrecisionRule="true"
    EntityAttrName="UsageType"
    EntityUsage="ImageUsages"
    AliasName="USAGE_TYPE"/>
  <ViewAttribute
    Name="ImagesImageId"
    IsUpdateable="while_insert"
    PrecisionRule="true"
    EntityAttrName="ImageId"
    EntityUsage="Images"
    AliasName="IMAGE_ID1"/>
  <ViewAttribute
    Name="Image"
    IsNotNull="true"
    PrecisionRule="true"
    EntityAttrName="Image"
    EntityUsage="Images"
    AliasName="IMAGE"/>
  <ViewAttribute
    Name="JobsJobId"
    IsUpdateable="false"
    IsNotNull="true"
    PrecisionRule="true"
    EntityAttrName="JobId"
    EntityUsage="Jobs"
    AliasName="JOB_ID1"/>
  <ViewAttribute
    Name="JobTitle"
    IsNotNull="true"
    PrecisionRule="true"
    EntityAttrName="JobTitle"
    EntityUsage="Jobs"
    AliasName="JOB_TITLE"/>
  <ViewAttribute
    Name="CommissionPct"
    PrecisionRule="true"
    EntityAttrName="CommissionPct"
    EntityUsage="Employees"
    AliasName="COMMISSION_PCT"/>
  <ViewAttribute
    Name="CreatedBy"
    IsUpdateable="false"
    IsNotNull="true"
    PrecisionRule="true"
    EntityAttrName="CreatedBy"
    EntityUsage="Employees"
    AliasName="CREATED_BY"/>
  <ViewAttribute
    Name="CreatedDate"
    IsUpdateable="false"
    IsNotNull="true"
    PrecisionRule="true"
    EntityAttrName="CreatedDate"
    EntityUsage="Employees"
    AliasName="CREATED_DATE"/>
  <ViewAttribute
    Name="DepartmentId"
    PrecisionRule="true"
    EntityAttrName="DepartmentId"
    EntityUsage="Employees"
    AliasName="DEPARTMENT_ID"
    LOVName="LOV_DepartmentId">
    <Properties>
      <SchemaBasedProperties>
        <CONTROLTYPE
          Value="choice"/>
      </SchemaBasedProperties>
    </Properties>
  </ViewAttribute>
  <ViewAttribute
    Name="HireDate"
    IsNotNull="true"
    PrecisionRule="true"
    EntityAttrName="HireDate"
    EntityUsage="Employees"
    AliasName="HIRE_DATE"/>
  <ViewAttribute
    Name="ManagerId"
    PrecisionRule="true"
    EntityAttrName="ManagerId"
    EntityUsage="Employees"
    AliasName="MANAGER_ID"
    LOVName="LOV_ManagerId">
    <Properties>
      <SchemaBasedProperties>
        <CONTROLTYPE
          Value="combo_lov"/>
      </SchemaBasedProperties>
    </Properties>
  </ViewAttribute>
  <ViewAttribute
    Name="ModifiedBy"
    IsUpdateable="false"
    PrecisionRule="true"
    EntityAttrName="ModifiedBy"
    EntityUsage="Employees"
    AliasName="MODIFIED_BY"/>
  <ViewAttribute
    Name="ModifiedDate"
    IsUpdateable="false"
    PrecisionRule="true"
    EntityAttrName="ModifiedDate"
    EntityUsage="Employees"
    AliasName="MODIFIED_DATE"/>
  <ViewAttribute
    Name="Salary"
    PrecisionRule="true"
    EntityAttrName="Salary"
    EntityUsage="Employees"
    AliasName="SALARY"/>
  <AttrArray Name="KeyAttributes">
    <Item Value="EmployeeId"/>
    <Item Value="ImagesImageId"/>
  </AttrArray>
  <ResourceBundle>
    <PropertiesBundle
      PropertiesFile="tuhra.model.resources.ModelBundle"/>
  </ResourceBundle>
</ViewObject>
