<?xml version="1.0" encoding="windows-1252" ?>
<!DOCTYPE ViewObject SYSTEM "jbo_03_01.dtd">
<!---->
<ViewObject
  xmlns="http://xmlns.oracle.com/bc4j"
  Name="AllDepartmentsWithManagers"
  Version="11.1.1.54.7"
  SelectList="Departments.DEPARTMENT_ID, 
       Departments.DEPARTMENT_NAME, 
       Departments.LOCATION_ID, 
       Departments.MANAGER_ID, 
       Employees.EMPLOYEE_ID, 
       Employees.FIRST_NAME, 
       Employees.LAST_NAME"
  FromList="DEPARTMENTS Departments, EMPLOYEES Employees"
  Where="Departments.MANAGER_ID = Employees.EMPLOYEE_ID(+)"
  OrderBy="Departments.DEPARTMENT_NAME"
  BindingStyle="OracleName"
  CustomQuery="false"
  RowClass="tuhra.model.framework.TuhraViewRowImpl"
  ComponentClass="tuhra.model.framework.TuhraViewObjectImpl"
  PageIterMode="Full"
  UseGlueCode="false">
  <DesignTime>
    <Attr Name="_codeGenFlag2" Value="Access|VarAccess"/>
  </DesignTime>
  <EntityUsage
    Name="Departments"
    Entity="tuhra.model.entities.Departments"
    ReadOnly="true"
    DeleteParticipant="false"/>
  <EntityUsage
    Name="Employees"
    Entity="tuhra.model.entities.Employees"
    Association="tuhra.model.entities.DeptMgrFkAssoc"
    AssociationEnd="tuhra.model.entities.DeptMgrFkAssoc.Employees"
    SourceUsage="tuhra.model.queries.main.AllDepartmentsWithManagers.Departments"
    ReadOnly="true"
    Reference="true"
    DeleteParticipant="false"
    JoinType="LEFT OUTER JOIN">
    <DesignTime>
      <AttrArray Name="_srcAttributes">
        <Item Value="tuhra.model.entities.Departments.ManagerId"/>
      </AttrArray>
      <AttrArray Name="_dstAttributes">
        <Item Value="tuhra.model.entities.Employees.EmployeeId"/>
      </AttrArray>
    </DesignTime>
  </EntityUsage>
  <ViewAttribute
    Name="DepartmentId"
    IsUpdateable="false"
    IsNotNull="true"
    PrecisionRule="true"
    EntityAttrName="DepartmentId"
    EntityUsage="Departments"
    AliasName="DEPARTMENT_ID"/>
  <ViewAttribute
    Name="DepartmentName"
    IsNotNull="true"
    PrecisionRule="true"
    EntityAttrName="DepartmentName"
    EntityUsage="Departments"
    AliasName="DEPARTMENT_NAME"/>
  <ViewAttribute
    Name="LocationId"
    PrecisionRule="true"
    EntityAttrName="LocationId"
    EntityUsage="Departments"
    AliasName="LOCATION_ID"/>
  <ViewAttribute
    Name="ManagerId"
    PrecisionRule="true"
    EntityAttrName="ManagerId"
    EntityUsage="Departments"
    AliasName="MANAGER_ID"/>
  <ViewAttribute
    Name="EmployeeId"
    IsUpdateable="while_insert"
    PrecisionRule="true"
    EntityAttrName="EmployeeId"
    EntityUsage="Employees"
    AliasName="EMPLOYEE_ID"/>
  <ViewAttribute
    Name="FirstName"
    PrecisionRule="true"
    EntityAttrName="FirstName"
    EntityUsage="Employees"
    AliasName="FIRST_NAME"/>
  <ViewAttribute
    Name="LastName"
    IsNotNull="true"
    PrecisionRule="true"
    EntityAttrName="LastName"
    EntityUsage="Employees"
    AliasName="LAST_NAME"/>
  <AttrArray Name="KeyAttributes">
    <Item Value="DepartmentId"/>
  </AttrArray>
  <ViewLinkAccessor
    Name="EmployeesInDepartment"
    ViewLink="tuhra.model.queries.main.DepartmentsToEmployeesVL"
    Type="oracle.jbo.RowIterator"
    IsUpdateable="false"/>
</ViewObject>
