<?xml version="1.0" encoding="windows-1252" ?>
<adfc-config xmlns="http://xmlns.oracle.com/adf/controller" version="1.2">
  <task-flow-definition id="management-flow">
    <default-activity>management</default-activity>
    <view id="management">
      <page>/management.jspx</page>
    </view>
    <task-flow-return id="returnToSearch">
      <outcome>
        <name>search</name>
      </outcome>
    </task-flow-return>
    <control-flow-rule>
      <from-activity-id>management</from-activity-id>
      <control-flow-case>
        <from-outcome>search</from-outcome>
        <to-activity-id>returnToSearch</to-activity-id>
      </control-flow-case>
    </control-flow-rule>
  </task-flow-definition>
</adfc-config>
