<?xml version="1.0" encoding="windows-1252"?>
<faces-config version="1.2" xmlns="http://java.sun.com/xml/ns/javaee">
  <navigation-rule>
    <from-view-id>/login.jspx</from-view-id>
    <navigation-case>
      <from-outcome>gohome</from-outcome>
      <to-view-id>/home.jspx</to-view-id>
    </navigation-case>
  </navigation-rule>
  <navigation-rule>
    <from-view-id>/home.jspx</from-view-id>
    <navigation-case>
      <from-outcome>logout</from-outcome>
      <to-view-id>/login.jspx</to-view-id>
    </navigation-case>
  </navigation-rule>
  <application>
    <default-render-kit-id>oracle.adf.rich</default-render-kit-id>
  </application>
  <managed-bean>
    <managed-bean-name>backing_login</managed-bean-name>
    <managed-bean-class>login.view.backing.Login</managed-bean-class>
    <managed-bean-scope>session</managed-bean-scope>
    <!--oracle-jdev-comment:managed-bean-jsp-link:1login.jspx-->
  </managed-bean>
</faces-config>