<?xml version="1.0" encoding="windows-1252" ?>
<!DOCTYPE Entity SYSTEM "jbo_03_01.dtd">
<!---->
<Entity
  xmlns="http://xmlns.oracle.com/bc4j"
  Name="ImageUsages"
  Version="11.1.1.54.7"
  DBObjectType="table"
  DBObjectName="IMAGE_USAGES"
  AliasName="ImageUsages"
  BindingStyle="OracleName"
  UseGlueCode="false"
  RowClass="tuhra.model.framework.TuhraEntityImpl">
  <DesignTime>
    <Attr Name="_codeGenFlag2" Value="Access"/>
    <AttrArray Name="_publishEvents"/>
  </DesignTime>
  <Attribute
    Name="ImageId"
    IsNotNull="true"
    Precision="6"
    Scale="0"
    ColumnName="IMAGE_ID"
    SQLType="NUMERIC"
    Type="oracle.jbo.domain.Number"
    ColumnType="NUMBER"
    TableName="IMAGE_USAGES"
    PrimaryKey="true">
    <DesignTime>
      <Attr Name="_DisplaySize" Value="22"/>
    </DesignTime>
  </Attribute>
  <Attribute
    Name="UsageType"
    IsNotNull="true"
    Precision="1"
    ColumnName="USAGE_TYPE"
    SQLType="VARCHAR"
    Type="java.lang.String"
    ColumnType="VARCHAR2"
    TableName="IMAGE_USAGES"
    PrimaryKey="true"
    DiscrColumn="true">
    <DesignTime>
      <Attr Name="_DisplaySize" Value="1"/>
    </DesignTime>
  </Attribute>
  <Attribute
    Name="AssociatedId"
    IsNotNull="true"
    Precision="6"
    Scale="0"
    ColumnName="ASSOCIATED_ID"
    SQLType="NUMERIC"
    Type="oracle.jbo.domain.Number"
    ColumnType="NUMBER"
    TableName="IMAGE_USAGES"
    PrimaryKey="true">
    <DesignTime>
      <Attr Name="_DisplaySize" Value="22"/>
    </DesignTime>
  </Attribute>
  <Attribute
    Name="DefaultImage"
    IsNotNull="true"
    Precision="1"
    ColumnName="DEFAULT_IMAGE"
    SQLType="VARCHAR"
    Type="java.lang.String"
    ColumnType="VARCHAR2"
    TableName="IMAGE_USAGES">
    <DesignTime>
      <Attr Name="_DisplaySize" Value="1"/>
    </DesignTime>
  </Attribute>
  <AccessorAttribute
    Name="Images"
    Association="tuhra.model.entities.assoc.ImageUsagesImagesFkAssoc"
    AssociationEnd="tuhra.model.entities.assoc.ImageUsagesImagesFkAssoc.Images"
    AssociationOtherEnd="tuhra.model.entities.assoc.ImageUsagesImagesFkAssoc.ImageUsages"
    Type="tuhra.model.framework.TuhraEntityImpl"
    IsUpdateable="true"/>
  <Key
    Name="ImageUsagesPk"
    PrimaryKey="true">
    <DesignTime>
      <Attr Name="_DBObjectName" Value="IMAGE_USAGES_PK"/>
    </DesignTime>
    <AttrArray Name="Attributes">
      <Item Value="tuhra.model.entities.ImageUsages.ImageId"/>
      <Item Value="tuhra.model.entities.ImageUsages.UsageType"/>
      <Item Value="tuhra.model.entities.ImageUsages.AssociatedId"/>
    </AttrArray>
  </Key>
  <Key
    Name="SysC0017763">
    <DesignTime>
      <Attr Name="_DBObjectName" Value="SYS_C0017763"/>
      <Attr Name="_checkCondition" Value='"IMAGE_ID" IS NOT NULL'/>
      <Attr Name="_isCheck" Value="true"/>
    </DesignTime>
    <AttrArray Name="Attributes">
      <Item Value="tuhra.model.entities.ImageUsages.ImageId"/>
    </AttrArray>
  </Key>
  <Key
    Name="SysC0017764">
    <DesignTime>
      <Attr Name="_DBObjectName" Value="SYS_C0017764"/>
      <Attr Name="_checkCondition" Value='"USAGE_TYPE" IS NOT NULL'/>
      <Attr Name="_isCheck" Value="true"/>
    </DesignTime>
    <AttrArray Name="Attributes">
      <Item Value="tuhra.model.entities.ImageUsages.UsageType"/>
    </AttrArray>
  </Key>
  <Key
    Name="SysC0017765">
    <DesignTime>
      <Attr Name="_DBObjectName" Value="SYS_C0017765"/>
      <Attr Name="_checkCondition" Value='"ASSOCIATED_ID" IS NOT NULL'/>
      <Attr Name="_isCheck" Value="true"/>
    </DesignTime>
    <AttrArray Name="Attributes">
      <Item Value="tuhra.model.entities.ImageUsages.AssociatedId"/>
    </AttrArray>
  </Key>
  <Key
    Name="SysC0017766">
    <DesignTime>
      <Attr Name="_DBObjectName" Value="SYS_C0017766"/>
      <Attr Name="_checkCondition" Value='"DEFAULT_IMAGE" IS NOT NULL'/>
      <Attr Name="_isCheck" Value="true"/>
    </DesignTime>
    <AttrArray Name="Attributes">
      <Item Value="tuhra.model.entities.ImageUsages.DefaultImage"/>
    </AttrArray>
  </Key>
  <Key
    Name="ImageUsagesImagesFk">
    <DesignTime>
      <Attr Name="_referencedKey" Value="IMAGES_PK"/>
      <Attr Name="_isForeign" Value="true"/>
      <Attr Name="_DBObjectName" Value="IMAGE_USAGES_IMAGES_FK"/>
    </DesignTime>
    <AttrArray Name="Attributes">
      <Item Value="tuhra.model.entities.ImageUsages.ImageId"/>
    </AttrArray>
  </Key>
</Entity>
