<?xml version="1.0" encoding="windows-1252" ?>
<adfc-config xmlns="http://xmlns.oracle.com/adf/controller" version="1.2">
  <task-flow-definition id="imageLOV-flow">
    <default-activity>addImage</default-activity>
    <input-parameter-definition>
      <name>currentEmpId</name>
      <value>#{pageFlowScope.currentEmpId}</value>
      <class>oracle.jbo.domain.Number</class>
      <required/>
    </input-parameter-definition>
    <managed-bean>
      <managed-bean-name>imageUploadBB</managed-bean-name>
      <managed-bean-class>tuhra.view.backing.ImageUploadBean</managed-bean-class>
      <managed-bean-scope>pageFlow</managed-bean-scope>
    </managed-bean>
    <managed-bean>
      <managed-bean-name>defaultImageSelectionBB</managed-bean-name>
      <managed-bean-class>tuhra.view.backing.DefaultImageSelectionBean</managed-bean-class>
      <managed-bean-scope>pageFlow</managed-bean-scope>
    </managed-bean>
    <view id="addImage">
      <page>/fragments/imageLOV/addImage.jsff</page>
      <train-stop>
        <description>Upload a New Image</description>
      </train-stop>
    </view>
    <view id="setDefaultImage">
      <page>/fragments/imageLOV/setDefaultImage.jsff</page>
      <train-stop>
        <description>Default Employee Image</description>
      </train-stop>
    </view>
    <task-flow-return id="lovDone">
      <outcome>
        <name>refresh</name>
      </outcome>
    </task-flow-return>
    <train/>
    <control-flow-rule>
      <from-activity-id>*</from-activity-id>
      <control-flow-case>
        <from-outcome>finish</from-outcome>
        <to-activity-id>lovDone</to-activity-id>
      </control-flow-case>
    </control-flow-rule>
    <use-page-fragments/>
  </task-flow-definition>
</adfc-config>
