<?xml version="1.0" encoding="windows-1252" ?>
<adfc-config xmlns="http://xmlns.oracle.com/adf/controller" version="1.2">
  <managed-bean>
    <managed-bean-name>backing_testPPR</managed-bean-name>
    <managed-bean-class>demo.view.backing.TestPPR</managed-bean-class>
    <managed-bean-scope>backingBean</managed-bean-scope>
    <!--oracle-jdev-comment:managed-bean-jsp-link:1testPPR.jspx-->
  </managed-bean>
  <managed-bean>
    <managed-bean-name>backing_dragDropDemo</managed-bean-name>
    <managed-bean-class>demo.view.backing.DragDropDemo</managed-bean-class>
    <managed-bean-scope>backingBean</managed-bean-scope>
    <!--oracle-jdev-comment:managed-bean-jsp-link:1dragDropDemo.jspx-->
  </managed-bean>
</adfc-config>
