<?xml version="1.0" encoding="UTF-8" ?>
<pageDefinition xmlns="http://xmlns.oracle.com/adfm/uimodel"
                version="11.1.1.54.7" id="editEmployeePageDef"
                Package="fragments">
  <parameters/>
  <executables>
    <variableIterator id="variables"/>
    <iterator Binds="EditEmployee" RangeSize="25"
              DataControl="TuhraServiceDataControl" id="EditEmployeeIterator"
              ChangeEventPolicy="ppr"/>
    <iterator Binds="EmployeeJobHistory" RangeSize="25"
              DataControl="TuhraServiceDataControl"
              id="EmployeeJobHistoryIterator" ChangeEventPolicy="ppr"/>
    <iterator Binds="EmployeeBio" RangeSize="25"
              DataControl="TuhraServiceDataControl" id="EmployeeBioIterator"
              ChangeEventPolicy="ppr"/>
    <taskFlow id="dynamicRegion1"
              taskFlowId="${viewScope.employeeEditBB.dynamicTaskFlowId}"
              xmlns="http://xmlns.oracle.com/adf/controller/binding">
      <parameters>
        <parameter id="currentEmpId"
                   value="#{bindings.EmployeeId.inputValue.sequenceNumber}"
                   xmlns="http://xmlns.oracle.com/adfm/uimodel"/>
      </parameters>
    </taskFlow>
  </executables>
  <bindings>
    <attributeValues IterBinding="EditEmployeeIterator" id="EmployeeId">
      <AttrNames>
        <Item Value="EmployeeId"/>
      </AttrNames>
    </attributeValues>
    <attributeValues IterBinding="EditEmployeeIterator" id="FirstName">
      <AttrNames>
        <Item Value="FirstName"/>
      </AttrNames>
    </attributeValues>
    <attributeValues IterBinding="EditEmployeeIterator" id="LastName">
      <AttrNames>
        <Item Value="LastName"/>
      </AttrNames>
    </attributeValues>
    <attributeValues IterBinding="EditEmployeeIterator" id="Email">
      <AttrNames>
        <Item Value="Email"/>
      </AttrNames>
    </attributeValues>
    <attributeValues IterBinding="EditEmployeeIterator" id="PhoneNumber">
      <AttrNames>
        <Item Value="PhoneNumber"/>
      </AttrNames>
    </attributeValues>
    <attributeValues IterBinding="EditEmployeeIterator" id="HireDate">
      <AttrNames>
        <Item Value="HireDate"/>
      </AttrNames>
    </attributeValues>
    <attributeValues IterBinding="EditEmployeeIterator" id="Salary">
      <AttrNames>
        <Item Value="Salary"/>
      </AttrNames>
    </attributeValues>
    <attributeValues IterBinding="EditEmployeeIterator" id="CommissionPct">
      <AttrNames>
        <Item Value="CommissionPct"/>
      </AttrNames>
    </attributeValues>
    <attributeValues IterBinding="EditEmployeeIterator" id="Image">
      <AttrNames>
        <Item Value="Image"/>
      </AttrNames>
    </attributeValues>
    <attributeValues IterBinding="EditEmployeeIterator" id="CreatedBy">
      <AttrNames>
        <Item Value="CreatedBy"/>
      </AttrNames>
    </attributeValues>
    <attributeValues IterBinding="EditEmployeeIterator" id="CreatedDate">
      <AttrNames>
        <Item Value="CreatedDate"/>
      </AttrNames>
    </attributeValues>
    <attributeValues IterBinding="EditEmployeeIterator" id="ModifiedBy">
      <AttrNames>
        <Item Value="ModifiedBy"/>
      </AttrNames>
    </attributeValues>
    <attributeValues IterBinding="EditEmployeeIterator" id="ModifiedDate">
      <AttrNames>
        <Item Value="ModifiedDate"/>
      </AttrNames>
    </attributeValues>
    <action IterBinding="EditEmployeeIterator" id="First"
            RequiresUpdateModel="true" Action="first"/>
    <action IterBinding="EditEmployeeIterator" id="Previous"
            RequiresUpdateModel="true" Action="previous"/>
    <action IterBinding="EditEmployeeIterator" id="Next"
            RequiresUpdateModel="true" Action="next"/>
    <action IterBinding="EditEmployeeIterator" id="Last"
            RequiresUpdateModel="true" Action="last"/>
    <list IterBinding="EditEmployeeIterator" StaticList="false"
          Uses="LOV_DepartmentId" id="DepartmentId" DTSupportsMRU="true"/>
    <list IterBinding="EditEmployeeIterator" StaticList="false" Uses="LOV_JobId"
          id="JobId" DTSupportsMRU="true"/>
    <listOfValues StaticList="false" IterBinding="EditEmployeeIterator"
                  Uses="LOV_ManagerId" id="ManagerId"/>
    <attributeValues IterBinding="EditEmployeeIterator"
                     id="ComparableDepartmentId">
      <AttrNames>
        <Item Value="DepartmentId"/>
      </AttrNames>
    </attributeValues>
    <tree IterBinding="EmployeeJobHistoryIterator" id="EmployeeJobHistory">
      <nodeDefinition DefName="tuhra.model.queries.main.AllJobHistory"
                      Name="EmployeeJobHistory0">
        <AttrNames>
          <Item Value="StartDate"/>
          <Item Value="EndDate"/>
          <Item Value="JobTitle"/>
          <Item Value="DepartmentName"/>
        </AttrNames>
      </nodeDefinition>
    </tree>
    <attributeValues IterBinding="EmployeeBioIterator" id="Biography">
      <AttrNames>
        <Item Value="Biography"/>
      </AttrNames>
    </attributeValues>
    <action IterBinding="EmployeeBioIterator" id="CreateBio"
            RequiresUpdateModel="true" Action="createRow"/>
    <attributeValues IterBinding="EmployeeBioIterator" id="Locked">
      <AttrNames>
        <Item Value="Locked"/>
      </AttrNames>
    </attributeValues>
    <attributeValues IterBinding="EditEmployeeIterator" id="ManagerFirstName">
      <AttrNames>
        <Item Value="ManagerFirstName"/>
      </AttrNames>
    </attributeValues>
    <attributeValues IterBinding="EditEmployeeIterator" id="ManagerLastName">
      <AttrNames>
        <Item Value="ManagerLastName"/>
      </AttrNames>
    </attributeValues>
  </bindings>
</pageDefinition>
