<?xml version="1.0" encoding="UTF-8" ?>
<pageDefinition xmlns="http://xmlns.oracle.com/adfm/uimodel"
                version="11.1.1.54.7" id="departmentTreePageDef"
                Package="fragments">
  <parameters/>
  <executables>
    <variableIterator id="variables"/>
    <iterator Binds="DepartmentTree" RangeSize="-1"
              DataControl="TuhraServiceDataControl"
              id="DepartmentTreeIterator"/>
    <iterator Binds="DepartmentSelector" RangeSize="25"
              DataControl="TuhraServiceDataControl"
              id="DepartmentSelectorIterator"/>
  </executables>
  <bindings>
    <tree IterBinding="DepartmentTreeIterator" id="DepartmentTree">
      <nodeDefinition DefName="tuhra.model.queries.AllDepartmentsWithManagers"
                      Name="DepartmentTree0">
        <AttrNames>
          <Item Value="FirstName"/>
          <Item Value="LastName"/>
          <Item Value="DepartmentName"/>
        </AttrNames>
        <Accessors>
          <Item Value="EmployeesInDepartment"/>
        </Accessors>
      </nodeDefinition>
      <nodeDefinition DefName="tuhra.model.queries.AllEmployees"
                      Name="DepartmentTree1">
        <AttrNames>
          <Item Value="Email"/>
          <Item Value="Image"/>
          <Item Value="FirstName"/>
          <Item Value="PhoneNumber"/>
          <Item Value="JobTitle"/>
          <Item Value="LastName"/>
          <Item Value="EmployeeId"/>
        </AttrNames>
      </nodeDefinition>
    </tree>
    <navigationlist IterBinding="DepartmentSelectorIterator"
                    ListOperMode="navigation"
                    ListIter="DepartmentSelectorIterator"
                    id="DepartmentSelector" DTSupportsMRU="false">
      <AttrNames>
        <Item Value="DepartmentName"/>
      </AttrNames>
    </navigationlist>
  </bindings>
</pageDefinition>
