<?xml version="1.0" encoding="windows-1252" ?>
<!DOCTYPE ViewObject SYSTEM "jbo_03_01.dtd">
<!---->
<ViewObject
  xmlns="http://xmlns.oracle.com/bc4j"
  Name="AllEmployees"
  Version="11.1.1.54.7"
  SelectList="Employees.EMPLOYEE_ID, 
       Employees.FIRST_NAME, 
       Employees.LAST_NAME, 
       Employees.EMAIL, 
       Employees.PHONE_NUMBER, 
       Employees.JOB_ID, 
       ImageUsages.ASSOCIATED_ID, 
       ImageUsages.DEFAULT_IMAGE, 
       ImageUsages.IMAGE_ID, 
       ImageUsages.USAGE_TYPE, 
       Images.IMAGE_ID AS IMAGE_ID1, 
       Images.IMAGE, 
       Jobs.JOB_ID AS JOB_ID1, 
       Jobs.JOB_TITLE"
  FromList="EMPLOYEES Employees, IMAGES Images, IMAGE_USAGES ImageUsages, JOBS Jobs"
  Where="ImageUsages.IMAGE_ID = Images.IMAGE_ID(+)
AND ImageUsages.ASSOCIATED_ID(+) = Employees.EMPLOYEE_ID
AND ImageUsages.USAGE_TYPE(+) = 'E'
AND Employees.JOB_ID = Jobs.JOB_ID"
  OrderBy="Employees.LAST_NAME, Employees.FIRST_NAME"
  BindingStyle="OracleName"
  CustomQuery="false"
  RowClass="tuhra.model.framework.TuhraViewRowImpl"
  ComponentClass="tuhra.model.framework.TuhraViewObjectImpl"
  PageIterMode="Full"
  UseGlueCode="false">
  <DesignTime>
    <Attr Name="_codeGenFlag2" Value="Access|VarAccess"/>
  </DesignTime>
  <EntityUsage
    Name="Employees"
    Entity="tuhra.model.entities.Employees"/>
  <EntityUsage
    Name="Images"
    Entity="tuhra.model.entities.Images"
    SourceUsage="tuhra.model.queries.AllEmployees.Employees"
    ReadOnly="true"
    Reference="true"
    DeleteParticipant="false"/>
  <EntityUsage
    Name="ImageUsages"
    Entity="tuhra.model.entities.ImageUsages"
    Association="tuhra.model.entities.ImageUsagesImagesFkAssoc"
    AssociationEnd="tuhra.model.entities.ImageUsagesImagesFkAssoc.ImageUsages"
    SourceUsage="tuhra.model.queries.AllEmployees.Images"
    ReadOnly="true"
    Reference="true"
    DeleteParticipant="false"
    JoinType="INNER JOIN">
    <DesignTime>
      <AttrArray Name="_srcAttributes">
        <Item Value="tuhra.model.entities.Images.ImageId"/>
      </AttrArray>
      <AttrArray Name="_dstAttributes">
        <Item Value="tuhra.model.entities.ImageUsages.ImageId"/>
      </AttrArray>
    </DesignTime>
  </EntityUsage>
  <EntityUsage
    Name="Jobs"
    Entity="tuhra.model.entities.Jobs"
    Association="tuhra.model.entities.EmpJobFkAssoc"
    AssociationEnd="tuhra.model.entities.EmpJobFkAssoc.Jobs"
    SourceUsage="tuhra.model.queries.AllEmployees.Employees"
    ReadOnly="true"
    Reference="true"
    DeleteParticipant="false"
    JoinType="INNER JOIN">
    <DesignTime>
      <AttrArray Name="_srcAttributes">
        <Item Value="tuhra.model.entities.Employees.JobId"/>
      </AttrArray>
      <AttrArray Name="_dstAttributes">
        <Item Value="tuhra.model.entities.Jobs.JobId"/>
      </AttrArray>
    </DesignTime>
  </EntityUsage>
  <ViewAttribute
    Name="EmployeeId"
    IsUpdateable="while_insert"
    PrecisionRule="true"
    EntityAttrName="EmployeeId"
    EntityUsage="Employees"
    AliasName="EMPLOYEE_ID"/>
  <ViewAttribute
    Name="FirstName"
    PrecisionRule="true"
    EntityAttrName="FirstName"
    EntityUsage="Employees"
    AliasName="FIRST_NAME"/>
  <ViewAttribute
    Name="LastName"
    IsNotNull="true"
    PrecisionRule="true"
    EntityAttrName="LastName"
    EntityUsage="Employees"
    AliasName="LAST_NAME"/>
  <ViewAttribute
    Name="Email"
    IsUnique="true"
    IsNotNull="true"
    PrecisionRule="true"
    EntityAttrName="Email"
    EntityUsage="Employees"
    AliasName="EMAIL"/>
  <ViewAttribute
    Name="PhoneNumber"
    PrecisionRule="true"
    EntityAttrName="PhoneNumber"
    EntityUsage="Employees"
    AliasName="PHONE_NUMBER"/>
  <ViewAttribute
    Name="JobId"
    IsNotNull="true"
    PrecisionRule="true"
    EntityAttrName="JobId"
    EntityUsage="Employees"
    AliasName="JOB_ID"/>
  <ViewAttribute
    Name="AssociatedId"
    IsNotNull="true"
    PrecisionRule="true"
    EntityAttrName="AssociatedId"
    EntityUsage="ImageUsages"
    AliasName="ASSOCIATED_ID"/>
  <ViewAttribute
    Name="DefaultImage"
    IsNotNull="true"
    PrecisionRule="true"
    EntityAttrName="DefaultImage"
    EntityUsage="ImageUsages"
    AliasName="DEFAULT_IMAGE"/>
  <ViewAttribute
    Name="ImageId"
    IsNotNull="true"
    PrecisionRule="true"
    EntityAttrName="ImageId"
    EntityUsage="ImageUsages"
    AliasName="IMAGE_ID"/>
  <ViewAttribute
    Name="UsageType"
    IsNotNull="true"
    PrecisionRule="true"
    EntityAttrName="UsageType"
    EntityUsage="ImageUsages"
    AliasName="USAGE_TYPE"/>
  <ViewAttribute
    Name="ImagesImageId"
    IsUpdateable="while_insert"
    PrecisionRule="true"
    EntityAttrName="ImageId"
    EntityUsage="Images"
    AliasName="IMAGE_ID1"/>
  <ViewAttribute
    Name="Image"
    IsNotNull="true"
    PrecisionRule="true"
    EntityAttrName="Image"
    EntityUsage="Images"
    AliasName="IMAGE"/>
  <ViewAttribute
    Name="JobsJobId"
    IsUpdateable="false"
    IsNotNull="true"
    PrecisionRule="true"
    EntityAttrName="JobId"
    EntityUsage="Jobs"
    AliasName="JOB_ID1"/>
  <ViewAttribute
    Name="JobTitle"
    IsNotNull="true"
    PrecisionRule="true"
    EntityAttrName="JobTitle"
    EntityUsage="Jobs"
    AliasName="JOB_TITLE"/>
  <AttrArray Name="KeyAttributes">
    <Item Value="EmployeeId"/>
    <Item Value="ImagesImageId"/>
  </AttrArray>
</ViewObject>
