<?xml version="1.0" encoding="windows-1252" ?>
<!DOCTYPE ViewLink SYSTEM "jbo_03_01.dtd">
<!---->
<ViewLink
  xmlns="http://xmlns.oracle.com/bc4j"
  Name="DepartmentsToEmployeesVL"
  Version="11.1.1.54.7"
  EntityAssociation="tuhra.model.entities.EmpDeptFkAssoc">
  <DesignTime>
    <Attr Name="_isCodegen" Value="true"/>
  </DesignTime>
  <ViewLinkDefEnd
    Name="AllDepartmentsWithManagers"
    Cardinality="1"
    Owner="tuhra.model.queries.AllDepartmentsWithManagers"
    Source="true">
    <DesignTime>
      <Attr Name="_finderName" Value="AllDepartmentsWithManagers"/>
      <Attr Name="_isUpdateable" Value="true"/>
    </DesignTime>
    <AttrArray Name="Attributes">
      <Item
        Value="tuhra.model.queries.AllDepartmentsWithManagers.DepartmentId"/>
    </AttrArray>
  </ViewLinkDefEnd>
  <ViewLinkDefEnd
    Name="EmployeesInDepartment"
    Cardinality="-1"
    Owner="tuhra.model.queries.AllEmployees">
    <DesignTime>
      <Attr Name="_finderName" Value="EmployeesInDepartment"/>
      <Attr Name="_isUpdateable" Value="true"/>
    </DesignTime>
    <AttrArray Name="Attributes"/>
  </ViewLinkDefEnd>
</ViewLink>
