<?xml version="1.0" encoding="windows-1252" ?>
<adfc-config xmlns="http://xmlns.oracle.com/adf/controller" version="1.2">
  <managed-bean>
    <managed-bean-name>searchScreenBB</managed-bean-name>
    <managed-bean-class>tuhra.view.backing.SearchScreenBean</managed-bean-class>
    <managed-bean-scope>backingBean</managed-bean-scope>
    <managed-property>
      <property-name>uiManager</property-name>
      <property-class>tuhra.view.UIManager</property-class>
      <value>#{uiState}</value>
    </managed-property>
  </managed-bean>
  <managed-bean>
    <managed-bean-name>uiState</managed-bean-name>
    <managed-bean-class>tuhra.view.UIManager</managed-bean-class>
    <managed-bean-scope>session</managed-bean-scope>
  </managed-bean>
</adfc-config>
