<?xml version="1.0" encoding="windows-1252" ?>
<adfc-config xmlns="http://xmlns.oracle.com/adf/controller" version="1.2">
  <task-flow-definition id="editEmployee-flow">
    <default-activity>editEmployee</default-activity>
    <managed-bean>
      <managed-bean-name>employeeEditBB</managed-bean-name>
      <managed-bean-class>tuhra.view.backing.EmployeeEditBean</managed-bean-class>
      <managed-bean-scope>view</managed-bean-scope>
    </managed-bean>
    <view id="editEmployee">
      <page>/fragments/editEmployee.jsff</page>
    </view>
    <control-flow-rule>
      <from-activity-id>*</from-activity-id>
      <control-flow-case>
        <from-outcome>refresh</from-outcome>
        <to-activity-id>editEmployee</to-activity-id>
      </control-flow-case>
    </control-flow-rule>
    <use-page-fragments/>
  </task-flow-definition>
</adfc-config>
