<?xml version="1.0" encoding="windows-1252" ?>
<!DOCTYPE Entity SYSTEM "jbo_03_01.dtd">
<!---->
<Entity
  xmlns="http://xmlns.oracle.com/bc4j"
  xmlns:validation="http://xmlns.oracle.com/adfm/validation"
  Name="Employees"
  Version="11.1.1.54.7"
  DBObjectType="table"
  DBObjectName="EMPLOYEES"
  AliasName="Employees"
  BindingStyle="OracleName"
  UseGlueCode="false"
  RowClass="tuhra.model.entities.EmployeesImpl">
  <DesignTime>
    <Attr Name="_codeGenFlag2" Value="Access"/>
    <AttrArray Name="_publishEvents"/>
    <Attr Name="_isCodegen" Value="true"/>
  </DesignTime>
  <ViewAccessor
    Name="SalaryValidatorAccessor"
    ViewObjectName="tuhra.model.queries.validation.SalaryValidator">
    <ViewCriteriaUsage
      Name="SalaryValidatorCriteria"
      FullName="tuhra.model.queries.validation.SalaryValidator.SalaryValidatorCriteria"/>
    <ParameterMap>
      <PIMap Variable="JobIdToValidate">
        <TransientExpression><![CDATA[JobId]]></TransientExpression>
      </PIMap>
    </ParameterMap>
  </ViewAccessor>
  <Attribute
    Name="EmployeeId"
    IsUpdateable="while_insert"
    DefaultValue="@0"
    ColumnName="EMPLOYEE_ID"
    SQLType="NUMERIC"
    Domain="oracle.jbo.domain.DBSequence"
    Type="oracle.jbo.domain.DBSequence"
    ColumnType="NUMBER"
    TableName="EMPLOYEES"
    PrimaryKey="true"
    RetrievedOnInsert="true">
    <DesignTime>
      <Attr Name="_DisplaySize" Value="22"/>
    </DesignTime>
    <Properties>
      <SchemaBasedProperties>
        <LABEL
          ResId="tuhra.model.entities.Employees.EmployeeId_LABEL"/>
      </SchemaBasedProperties>
    </Properties>
  </Attribute>
  <Attribute
    Name="FirstName"
    Precision="20"
    ColumnName="FIRST_NAME"
    SQLType="VARCHAR"
    Type="java.lang.String"
    ColumnType="VARCHAR2"
    TableName="EMPLOYEES">
    <DesignTime>
      <Attr Name="_DisplaySize" Value="20"/>
    </DesignTime>
    <Properties>
      <SchemaBasedProperties>
        <DISPLAYWIDTH
          Value="50"/>
        <LABEL
          ResId="tuhra.model.entities.Employees.FirstName_LABEL"/>
      </SchemaBasedProperties>
    </Properties>
  </Attribute>
  <Attribute
    Name="LastName"
    IsNotNull="true"
    Precision="25"
    ColumnName="LAST_NAME"
    SQLType="VARCHAR"
    Type="java.lang.String"
    ColumnType="VARCHAR2"
    TableName="EMPLOYEES">
    <DesignTime>
      <Attr Name="_DisplaySize" Value="25"/>
    </DesignTime>
    <Properties>
      <SchemaBasedProperties>
        <DISPLAYWIDTH
          Value="60"/>
        <LABEL
          ResId="tuhra.model.entities.Employees.LastName_LABEL"/>
      </SchemaBasedProperties>
    </Properties>
  </Attribute>
  <Attribute
    Name="Email"
    IsUnique="true"
    IsNotNull="true"
    Precision="25"
    ColumnName="EMAIL"
    SQLType="VARCHAR"
    Type="java.lang.String"
    ColumnType="VARCHAR2"
    TableName="EMPLOYEES">
    <DesignTime>
      <Attr Name="_DisplaySize" Value="25"/>
    </DesignTime>
    <Properties>
      <SchemaBasedProperties>
        <LABEL
          ResId="tuhra.model.entities.Employees.Email_LABEL"/>
        <DISPLAYWIDTH
          Value="40"/>
      </SchemaBasedProperties>
    </Properties>
  </Attribute>
  <Attribute
    Name="PhoneNumber"
    Precision="20"
    ColumnName="PHONE_NUMBER"
    SQLType="VARCHAR"
    Type="java.lang.String"
    ColumnType="VARCHAR2"
    TableName="EMPLOYEES">
    <DesignTime>
      <Attr Name="_DisplaySize" Value="20"/>
    </DesignTime>
    <Properties>
      <SchemaBasedProperties>
        <LABEL
          ResId="tuhra.model.entities.Employees.PhoneNumber_LABEL"/>
        <DISPLAYWIDTH
          Value="50"/>
      </SchemaBasedProperties>
    </Properties>
  </Attribute>
  <Attribute
    Name="HireDate"
    IsNotNull="true"
    ColumnName="HIRE_DATE"
    SQLType="TIMESTAMP"
    Type="oracle.jbo.domain.Date"
    ColumnType="DATE"
    TableName="EMPLOYEES">
    <DesignTime>
      <Attr Name="_DisplaySize" Value="7"/>
    </DesignTime>
    <Properties>
      <SchemaBasedProperties>
        <LABEL
          ResId="tuhra.model.entities.Employees.HireDate_LABEL"/>
      </SchemaBasedProperties>
    </Properties>
  </Attribute>
  <Attribute
    Name="JobId"
    IsNotNull="true"
    Precision="10"
    ColumnName="JOB_ID"
    SQLType="VARCHAR"
    Type="java.lang.String"
    ColumnType="VARCHAR2"
    TableName="EMPLOYEES">
    <DesignTime>
      <Attr Name="_DisplaySize" Value="10"/>
    </DesignTime>
    <Properties>
      <SchemaBasedProperties>
        <LABEL
          ResId="tuhra.model.entities.Employees.JobId_LABEL"/>
      </SchemaBasedProperties>
    </Properties>
  </Attribute>
  <Attribute
    Name="Salary"
    Precision="8"
    Scale="2"
    ColumnName="SALARY"
    SQLType="NUMERIC"
    Type="oracle.jbo.domain.Number"
    ColumnType="NUMBER"
    TableName="EMPLOYEES">
    <DesignTime>
      <Attr Name="_DisplaySize" Value="22"/>
    </DesignTime>
  </Attribute>
  <Attribute
    Name="CommissionPct"
    Precision="2"
    Scale="2"
    ColumnName="COMMISSION_PCT"
    SQLType="NUMERIC"
    Type="oracle.jbo.domain.Number"
    ColumnType="NUMBER"
    TableName="EMPLOYEES">
    <DesignTime>
      <Attr Name="_DisplaySize" Value="22"/>
    </DesignTime>
    <validation:RangeValidationBean
      Name="CommissionPct_Rule_0"
      ResId="tuhra.model.entities.Employees.CommissionPct_Rule_0"
      OnAttribute="CommissionPct"
      OperandType="LITERAL"
      Inverse="false"
      MinValue="0"
      MaxValue="0.5">
      <validation:ResExpressions>
        <validation:Expression
          Name="commFld"><![CDATA[source.hints.CommissionPct.label]]></validation:Expression>
        <validation:Expression
          Name="maxPercent"><![CDATA[new java.lang.Float(source.hints.CommissionPct.MAX_ALLOWED_COMMISSION).value * 100]]></validation:Expression>
      </validation:ResExpressions>
    </validation:RangeValidationBean>
    <Properties>
      <CustomProperties>
        <Property
          Name="MAX_ALLOWED_COMMISSION"
          Value="0.5"/>
      </CustomProperties>
    </Properties>
  </Attribute>
  <Attribute
    Name="ManagerId"
    Precision="6"
    Scale="0"
    ColumnName="MANAGER_ID"
    SQLType="NUMERIC"
    Type="oracle.jbo.domain.Number"
    ColumnType="NUMBER"
    TableName="EMPLOYEES">
    <DesignTime>
      <Attr Name="_DisplaySize" Value="22"/>
    </DesignTime>
    <Properties>
      <SchemaBasedProperties>
        <LABEL
          ResId="tuhra.model.entities.Employees.ManagerId_LABEL"/>
      </SchemaBasedProperties>
    </Properties>
  </Attribute>
  <Attribute
    Name="DepartmentId"
    Precision="4"
    Scale="0"
    ColumnName="DEPARTMENT_ID"
    SQLType="NUMERIC"
    Type="oracle.jbo.domain.Number"
    ColumnType="NUMBER"
    TableName="EMPLOYEES">
    <DesignTime>
      <Attr Name="_DisplaySize" Value="22"/>
    </DesignTime>
    <Properties>
      <SchemaBasedProperties>
        <LABEL
          ResId="tuhra.model.entities.Employees.DepartmentId_LABEL"/>
      </SchemaBasedProperties>
    </Properties>
  </Attribute>
  <Attribute
    Name="CreatedBy"
    IsUpdateable="while_insert"
    IsNotNull="true"
    Precision="30"
    ColumnName="CREATED_BY"
    SQLType="VARCHAR"
    Type="java.lang.String"
    ColumnType="VARCHAR2"
    TableName="EMPLOYEES"
    HistoryColumn="UserHistory">
    <DesignTime>
      <Attr Name="_DisplaySize" Value="30"/>
    </DesignTime>
    <Properties>
      <SchemaBasedProperties>
        <LABEL
          ResId="tuhra.model.entities.Employees.CreatedBy_LABEL"/>
      </SchemaBasedProperties>
    </Properties>
  </Attribute>
  <Attribute
    Name="CreatedDate"
    IsUpdateable="while_insert"
    IsNotNull="true"
    ColumnName="CREATED_DATE"
    SQLType="TIMESTAMP"
    Type="oracle.jbo.domain.Date"
    ColumnType="DATE"
    TableName="EMPLOYEES"
    HistoryColumn="DateHistory">
    <DesignTime>
      <Attr Name="_DisplaySize" Value="7"/>
    </DesignTime>
    <Properties>
      <SchemaBasedProperties>
        <LABEL
          ResId="tuhra.model.entities.Employees.CreatedDate_LABEL"/>
      </SchemaBasedProperties>
    </Properties>
  </Attribute>
  <Attribute
    Name="ModifiedBy"
    Precision="30"
    ColumnName="MODIFIED_BY"
    SQLType="VARCHAR"
    Type="java.lang.String"
    ColumnType="VARCHAR2"
    TableName="EMPLOYEES"
    HistoryColumn="UserHistory">
    <DesignTime>
      <Attr Name="_DisplaySize" Value="30"/>
    </DesignTime>
    <Properties>
      <SchemaBasedProperties>
        <LABEL
          ResId="tuhra.model.entities.Employees.ModifiedBy_LABEL"/>
      </SchemaBasedProperties>
    </Properties>
  </Attribute>
  <Attribute
    Name="ModifiedDate"
    ColumnName="MODIFIED_DATE"
    SQLType="TIMESTAMP"
    Type="oracle.jbo.domain.Date"
    ColumnType="DATE"
    TableName="EMPLOYEES"
    HistoryColumn="DateHistory">
    <DesignTime>
      <Attr Name="_DisplaySize" Value="7"/>
    </DesignTime>
    <Properties>
      <SchemaBasedProperties>
        <LABEL
          ResId="tuhra.model.entities.Employees.ModifiedDate_LABEL"/>
      </SchemaBasedProperties>
    </Properties>
  </Attribute>
  <AccessorAttribute
    Name="Departments"
    Association="tuhra.model.entities.DeptMgrFkAssoc"
    AssociationEnd="tuhra.model.entities.DeptMgrFkAssoc.Departments"
    AssociationOtherEnd="tuhra.model.entities.DeptMgrFkAssoc.Employees"
    Type="oracle.jbo.RowIterator"
    IsUpdateable="false"/>
  <AccessorAttribute
    Name="Employees"
    Association="tuhra.model.entities.EmpManagerFkAssoc"
    AssociationEnd="tuhra.model.entities.EmpManagerFkAssoc.Employees"
    AssociationOtherEnd="tuhra.model.entities.EmpManagerFkAssoc.ManagerIdEmployees"
    Type="oracle.jbo.RowIterator"
    IsUpdateable="false"/>
  <AccessorAttribute
    Name="ManagerIdEmployees"
    Association="tuhra.model.entities.EmpManagerFkAssoc"
    AssociationEnd="tuhra.model.entities.EmpManagerFkAssoc.ManagerIdEmployees"
    AssociationOtherEnd="tuhra.model.entities.EmpManagerFkAssoc.Employees"
    Type="tuhra.model.framework.TuhraEntityImpl"
    IsUpdateable="true"/>
  <AccessorAttribute
    Name="Departments1"
    Association="tuhra.model.entities.EmpDeptFkAssoc"
    AssociationEnd="tuhra.model.entities.EmpDeptFkAssoc.Departments1"
    AssociationOtherEnd="tuhra.model.entities.EmpDeptFkAssoc.Employees1"
    Type="tuhra.model.framework.TuhraEntityImpl"
    IsUpdateable="true"/>
  <AccessorAttribute
    Name="Jobs"
    Association="tuhra.model.entities.EmpJobFkAssoc"
    AssociationEnd="tuhra.model.entities.EmpJobFkAssoc.Jobs"
    AssociationOtherEnd="tuhra.model.entities.EmpJobFkAssoc.Employees"
    Type="tuhra.model.framework.TuhraEntityImpl"
    IsUpdateable="true"/>
  <Key
    Name="EmpEmailNn">
    <DesignTime>
      <Attr Name="_DBObjectName" Value="EMP_EMAIL_NN"/>
      <Attr Name="_checkCondition" Value='"EMAIL" IS NOT NULL'/>
      <Attr Name="_isCheck" Value="true"/>
    </DesignTime>
    <AttrArray Name="Attributes">
      <Item Value="tuhra.model.entities.Employees.Email"/>
    </AttrArray>
  </Key>
  <Key
    Name="EmpEmailUk">
    <DesignTime>
      <Attr Name="_isUnique" Value="true"/>
      <Attr Name="_DBObjectName" Value="EMP_EMAIL_UK"/>
    </DesignTime>
    <AttrArray Name="Attributes">
      <Item Value="tuhra.model.entities.Employees.Email"/>
    </AttrArray>
  </Key>
  <Key
    Name="EmpEmpIdPk"
    PrimaryKey="true">
    <DesignTime>
      <Attr Name="_DBObjectName" Value="EMP_EMP_ID_PK"/>
    </DesignTime>
    <AttrArray Name="Attributes">
      <Item Value="tuhra.model.entities.Employees.EmployeeId"/>
    </AttrArray>
  </Key>
  <Key
    Name="EmpHireDateNn">
    <DesignTime>
      <Attr Name="_DBObjectName" Value="EMP_HIRE_DATE_NN"/>
      <Attr Name="_checkCondition" Value='"HIRE_DATE" IS NOT NULL'/>
      <Attr Name="_isCheck" Value="true"/>
    </DesignTime>
    <AttrArray Name="Attributes">
      <Item Value="tuhra.model.entities.Employees.HireDate"/>
    </AttrArray>
  </Key>
  <Key
    Name="EmpJobNn">
    <DesignTime>
      <Attr Name="_DBObjectName" Value="EMP_JOB_NN"/>
      <Attr Name="_checkCondition" Value='"JOB_ID" IS NOT NULL'/>
      <Attr Name="_isCheck" Value="true"/>
    </DesignTime>
    <AttrArray Name="Attributes">
      <Item Value="tuhra.model.entities.Employees.JobId"/>
    </AttrArray>
  </Key>
  <Key
    Name="EmpLastNameNn">
    <DesignTime>
      <Attr Name="_DBObjectName" Value="EMP_LAST_NAME_NN"/>
      <Attr Name="_checkCondition" Value='"LAST_NAME" IS NOT NULL'/>
      <Attr Name="_isCheck" Value="true"/>
    </DesignTime>
    <AttrArray Name="Attributes">
      <Item Value="tuhra.model.entities.Employees.LastName"/>
    </AttrArray>
  </Key>
  <Key
    Name="EmpSalaryMin">
    <DesignTime>
      <Attr Name="_DBObjectName" Value="EMP_SALARY_MIN"/>
      <Attr Name="_checkCondition" Value="salary > 0"/>
      <Attr Name="_isCheck" Value="true"/>
    </DesignTime>
    <AttrArray Name="Attributes">
      <Item Value="tuhra.model.entities.Employees.Salary"/>
    </AttrArray>
  </Key>
  <Key
    Name="SysC0017784">
    <DesignTime>
      <Attr Name="_DBObjectName" Value="SYS_C0017784"/>
      <Attr Name="_checkCondition" Value='"CREATED_BY" IS NOT NULL'/>
      <Attr Name="_isCheck" Value="true"/>
    </DesignTime>
    <AttrArray Name="Attributes">
      <Item Value="tuhra.model.entities.Employees.CreatedBy"/>
    </AttrArray>
  </Key>
  <Key
    Name="SysC0017785">
    <DesignTime>
      <Attr Name="_DBObjectName" Value="SYS_C0017785"/>
      <Attr Name="_checkCondition" Value='"CREATED_DATE" IS NOT NULL'/>
      <Attr Name="_isCheck" Value="true"/>
    </DesignTime>
    <AttrArray Name="Attributes">
      <Item Value="tuhra.model.entities.Employees.CreatedDate"/>
    </AttrArray>
  </Key>
  <Key
    Name="EmpDeptFk">
    <DesignTime>
      <Attr Name="_referencedKey" Value="DEPT_ID_PK"/>
      <Attr Name="_isForeign" Value="true"/>
      <Attr Name="_DBObjectName" Value="EMP_DEPT_FK"/>
    </DesignTime>
    <AttrArray Name="Attributes">
      <Item Value="tuhra.model.entities.Employees.DepartmentId"/>
    </AttrArray>
  </Key>
  <Key
    Name="EmpJobFk">
    <DesignTime>
      <Attr Name="_referencedKey" Value="JOB_ID_PK"/>
      <Attr Name="_isForeign" Value="true"/>
      <Attr Name="_DBObjectName" Value="EMP_JOB_FK"/>
    </DesignTime>
    <AttrArray Name="Attributes">
      <Item Value="tuhra.model.entities.Employees.JobId"/>
    </AttrArray>
  </Key>
  <Key
    Name="EmpManagerFk">
    <DesignTime>
      <Attr Name="_referencedKey" Value="EMP_EMP_ID_PK"/>
      <Attr Name="_isForeign" Value="true"/>
      <Attr Name="_DBObjectName" Value="EMP_MANAGER_FK"/>
    </DesignTime>
    <AttrArray Name="Attributes">
      <Item Value="tuhra.model.entities.Employees.ManagerId"/>
    </AttrArray>
  </Key>
  <validation:CompareValidationBean
    Name="Employees_Rule_0"
    ResId="tuhra.model.entities.Employees_Rule_0"
    OnAttribute="Salary"
    OperandType="VO_USAGE"
    Inverse="false"
    CompareType="GREATERTHANEQUALTO"
    ViewAccAttrName="MinSalary"
    ViewAccName="SalaryValidatorAccessor">
    <validation:OnAttributes>
      <validation:Item
        Value="Salary"/>
      <validation:Item
        Value="JobId"/>
    </validation:OnAttributes>
    <validation:ResExpressions>
      <validation:Expression
        Name="minSalary"><![CDATA[SalaryValidatorAccessor.first().MinSalary]]></validation:Expression>
      <validation:Expression
        Name="empSalary"><![CDATA[newValue.Salary]]></validation:Expression>
      <validation:Expression
        Name="jobDescription"><![CDATA[SalaryValidatorAccessor.first().JobTitle]]></validation:Expression>
    </validation:ResExpressions>
  </validation:CompareValidationBean>
  <validation:CompareValidationBean
    Name="Employees_Rule_1"
    ResId="tuhra.model.entities.Employees_Rule_1"
    OnAttribute="Salary"
    OperandType="VO_USAGE"
    Inverse="false"
    CompareType="LESSTHANEQUALTO"
    ViewAccAttrName="MaxSalary"
    ViewAccName="SalaryValidatorAccessor">
    <validation:OnAttributes>
      <validation:Item
        Value="Salary"/>
      <validation:Item
        Value="JobId"/>
    </validation:OnAttributes>
    <validation:ResExpressions>
      <validation:Expression
        Name="maxSalary"><![CDATA[SalaryValidatorAccessor.first().MaxSalary]]></validation:Expression>
      <validation:Expression
        Name="jobDescription"><![CDATA[SalaryValidatorAccessor.first().JobTitle]]></validation:Expression>
      <validation:Expression
        Name="empSalary"><![CDATA[newValue.Salary]]></validation:Expression>
    </validation:ResExpressions>
  </validation:CompareValidationBean>
  <ResourceBundle>
    <PropertiesBundle
      PropertiesFile="tuhra.model.resources.ModelBundle"/>
  </ResourceBundle>
</Entity>
